,Pos,Driver,Nationality,Car,PTS,year,Code
0,1.0,Nino  Farina ,ITA,Alfa Romeo,30.0,1950,FAR
1,2.0,Juan Manuel  Fangio ,ARG,Alfa Romeo,27.0,1950,FAN
2,3.0,Luigi  Fagioli ,ITA,Alfa Romeo,24.0,1950,FAG
3,4.0,Louis Rosier ,FRA,Talbot-Lago,13.0,1950,ROS
4,5.0,Alberto  Ascari ,ITA,Ferrari,11.0,1950,ASC
5,6.0,Johnnie Parsons ,USA,Kurtis Kraft Offenhauser,9.0,1950,PAR
6,7.0,Bill  Holland ,USA,Deidt Offenhauser,6.0,1950,HOL
7,8.0,Prince  Bira ,THA,Maserati,5.0,1950,BIR
8,9.0,Reg Parnell ,GBR,Maserati,4.0,1950,PAR
9,9.0,Louis Chiron ,MON,Maserati,4.0,1950,CHI
10,9.0,Mauri Rose ,USA,Deidt Offenhauser,4.0,1950,ROS
11,9.0,Peter Whitehead ,GBR,Ferrari,4.0,1950,WHI
12,13.0,Yves Giraud  Cabantous ,FRA,Talbot-Lago,3.0,1950,CAB
13,13.0,Raymond Sommer ,FRA,Talbot-Lago,3.0,1950,SOM
14,13.0,Cecil Green ,USA,Kurtis Kraft Offenhauser,3.0,1950,GRE
15,13.0,Robert Manzon ,FRA,Simca-Gordini,3.0,1950,MAN
16,19.0,Felice Bonetto ,ITA,Maserati Milano,2.0,1950,BON
17,20.0,Tony Bettenhausen ,USA,Deidt Offenhauser,1.0,1950,BET
18,20.0,Joie Chitwood ,USA,Kurtis Kraft Offenhauser,1.0,1950,CHI
19,1.0,Juan Manuel  Fangio ,ARG,Alfa Romeo,31.0,1951,FAN
20,2.0,Alberto  Ascari ,ITA,Ferrari,25.0,1951,ASC
21,3.0,Jose Froilan  Gonzalez ,ARG,Ferrari,24.0,1951,GON
22,4.0,Nino  Farina ,ITA,Alfa Romeo,19.0,1951,FAR
23,5.0,Luigi Villoresi ,ITA,Ferrari,15.0,1951,VIL
24,6.0,Piero Taruffi ,ITA,Ferrari,10.0,1951,TAR
25,7.0,Lee  Wallard ,USA,Kurtis Kraft Offenhauser,9.0,1951,WAL
26,8.0,Felice Bonetto ,ITA,Alfa Romeo,7.0,1951,BON
27,9.0,Mike  Nazaruk ,USA,Kurtis Kraft Offenhauser,6.0,1951,NAZ
28,10.0,Reg Parnell ,GBR,BRM,5.0,1951,PAR
29,11.0,Luigi  Fagioli ,ITA,Alfa Romeo,4.0,1951,FAG
30,12.0,Consalvo Sanesi ,ITA,Alfa Romeo,3.0,1951,SAN
31,12.0,Andy  Linden ,USA,Sherman Offenhauser,3.0,1951,LIN
32,15.0,Toulo  de Graffenried ,SUI,Alfa Romeo,2.0,1951,DEG
33,15.0,Manny  Ayulo ,USA,Kurtis Kraft Offenhauser,2.0,1951,AYU
34,15.0,Bobby  Ball ,USA,Schroeder Offenhauser,2.0,1951,BAL
35,15.0,Jack  McGrath ,USA,Kurtis Kraft Offenhauser,2.0,1951,MCG
36,15.0,Yves Giraud  Cabantous ,FRA,Talbot-Lago,2.0,1951,CAB
37,1.0,Alberto  Ascari ,ITA,Ferrari,36.0,1952,ASC
38,2.0,Nino  Farina ,ITA,Ferrari,24.0,1952,FAR
39,3.0,Piero Taruffi ,ITA,Ferrari,22.0,1952,TAR
40,4.0,Rudi Fischer,SUI,Ferrari,10.0,1952,FIS
41,4.0,Mike  Hawthorn ,GBR,Cooper Bristol,10.0,1952,HAW
42,6.0,Robert Manzon ,FRA,Gordini,9.0,1952,MAN
43,7.0,Troy  Ruttman ,USA,Kuzma Offenhauser,8.0,1952,RUT
44,7.0,Luigi Villoresi ,ITA,Ferrari,8.0,1952,VIL
45,9.0,Jose Froilan  Gonzalez ,ARG,Maserati,6.5,1952,GON
46,10.0,Jim  Rathmann ,USA,Kurtis Kraft Offenhauser,6.0,1952,RAT
47,10.0,Jean  Behra ,FRA,Gordini,6.0,1952,BEH
48,12.0,Sam  Hanks ,USA,Kurtis Kraft Offenhauser,4.0,1952,HAN
49,13.0,Duane  Carter ,USA,Lesovsky Offenhauser,3.0,1952,CAR
50,13.0,Dennis  Poore ,GBR,Connaught Lea Francis,3.0,1952,POO
51,16.0,Alan  Brown ,GBR,Cooper Bristol,2.0,1952,BRO
52,16.0,Art  Cross ,USA,Kurtis Kraft Offenhauser,2.0,1952,CRO
53,16.0,Paul  Frere ,BEL,Simca-Gordini,2.0,1952,FRE
54,16.0,Maurice Trintignant ,FRA,Gordini,2.0,1952,TRI
55,16.0,Eric  Thompson ,GBR,Connaught Lea Francis,2.0,1952,THO
56,16.0,Felice Bonetto ,ITA,Maserati,2.0,1952,BON
57,22.0,Bill Vukovich,USA,Kurtis Kraft Offenhauser,1.0,1952,VUK
58,1.0,Alberto  Ascari ,ITA,Ferrari,34.5,1953,ASC
59,2.0,Juan Manuel  Fangio ,ARG,Maserati,27.5,1953,FAN
60,3.0,Nino  Farina ,ITA,Ferrari,26.0,1953,FAR
61,4.0,Mike  Hawthorn ,GBR,Ferrari,19.0,1953,HAW
62,5.0,Luigi Villoresi ,ITA,Ferrari,17.0,1953,VIL
63,6.0,Jose Froilan  Gonzalez ,ARG,Maserati,13.5,1953,GON
64,7.0,Bill Vukovich,USA,Kurtis Kraft Offenhauser,9.0,1953,VUK
65,8.0,Toulo  de Graffenried ,SUI,Maserati,7.0,1953,DEG
66,9.0,Felice Bonetto ,ITA,Maserati,6.5,1953,BON
67,10.0,Art  Cross ,USA,Kurtis Kraft Offenhauser,6.0,1953,CRO
68,11.0,Onofre  Marimon ,ARG,Maserati,4.0,1953,MAR
69,11.0,Maurice Trintignant ,FRA,Gordini,4.0,1953,TRI
70,13.0,Oscar Alfredo  Galvez ,ARG,Maserati,2.0,1953,GAL
71,13.0,Sam  Hanks ,USA,Kurtis Kraft Offenhauser,2.0,1953,HAN
72,13.0,Duane  Carter ,USA,Kurtis Kraft Offenhauser,2.0,1953,CAR
73,13.0,Jack  McGrath ,USA,Kurtis Kraft Offenhauser,2.0,1953,MCG
74,13.0,Hermann  Lang ,GER,Maserati,2.0,1953,LAN
75,18.0,Fred  Agabashian ,USA,Kurtis Kraft Offenhauser,1.5,1953,AGA
76,18.0,Paul  Russo ,USA,Kurtis Kraft Offenhauser,1.5,1953,RUS
77,1.0,Juan Manuel  Fangio ,ARG,Mercedes-Benz,42.0,1954,FAN
78,2.0,Jose Froilan  Gonzalez ,ARG,Ferrari,25.1,1954,GON
79,3.0,Mike  Hawthorn ,GBR,Ferrari,24.6,1954,HAW
80,4.0,Maurice Trintignant ,FRA,Ferrari,17.0,1954,TRI
81,5.0,Karl  Kling ,GER,Mercedes-Benz,12.0,1954,KLI
82,6.0,Bill Vukovich,USA,Kurtis Kraft Offenhauser,8.0,1954,VUK
83,6.0,Hans Herrmann ,GER,Mercedes-Benz,8.0,1954,HER
84,8.0,Nino  Farina ,ITA,Ferrari,6.0,1954,FAR
85,8.0,Jimmy  Bryan ,USA,Kuzma Offenhauser,6.0,1954,BRY
86,8.0,Luigi  Musso ,ITA,Maserati,6.0,1954,MUS
87,8.0,Roberto  Mieres ,ARG,Maserati,6.0,1954,MIE
88,12.0,Jack  McGrath ,USA,Kurtis Kraft Offenhauser,5.0,1954,MCG
89,13.0,Stirling  Moss ,GBR,Maserati,4.1,1954,MOS
90,13.0,Onofre  Marimon ,ARG,Maserati,4.1,1954,MAR
91,15.0,Robert Manzon ,FRA,Ferrari,4.0,1954,MAN
92,15.0,Sergio  Mantovani ,ITA,Maserati,4.0,1954,MAN
93,17.0,Prince  Bira ,THA,Maserati,3.0,1954,BIR
94,18.0,Elie  Bayol ,FRA,Gordini,2.0,1954,BAY
95,18.0,Mike  Nazaruk ,USA,Kurtis Kraft Offenhauser,2.0,1954,NAZ
96,18.0,Andre  Pilette ,BEL,Gordini,2.0,1954,PIL
97,18.0,Luigi Villoresi ,ITA,Lancia,2.0,1954,VIL
98,18.0,Umberto Maglioli ,ITA,Ferrari,2.0,1954,MAG
99,23.0,Troy  Ruttman ,USA,Kurtis Kraft Offenhauser,1.5,1954,RUT
100,23.0,Duane  Carter ,USA,Kurtis Kraft Offenhauser,1.5,1954,CAR
101,25.0,Alberto  Ascari ,ITA,Lancia,1.1,1954,ASC
102,26.0,Jean  Behra ,FRA,Gordini,0.1,1954,BEH
103,1.0,Juan Manuel  Fangio ,ARG,Mercedes-Benz,40.0,1955,FAN
104,2.0,Stirling  Moss ,GBR,Mercedes-Benz,23.0,1955,MOS
105,3.0,Eugenio  Castellotti ,ITA,Ferrari,12.0,1955,CAS
106,4.0,Maurice Trintignant ,FRA,Ferrari,11.3,1955,TRI
107,5.0,Nino  Farina ,ITA,Ferrari,10.3,1955,FAR
108,6.0,Piero Taruffi ,ITA,Mercedes-Benz,9.0,1955,TAR
109,7.0,Bob  Sweikert ,USA,Kurtis Kraft Offenhauser,8.0,1955,SWE
110,8.0,Roberto  Mieres ,ARG,Maserati,7.0,1955,MIE
111,9.0,Luigi  Musso ,ITA,Maserati,6.0,1955,MUS
112,9.0,Jean  Behra ,FRA,Maserati,6.0,1955,BEH
113,11.0,Karl  Kling ,GER,Mercedes-Benz,5.0,1955,KLI
114,12.0,Jimmy  Davies ,USA,Kurtis Kraft Offenhauser,4.0,1955,DAV
115,13.0,Paul  Russo ,USA,Kurtis Kraft Offenhauser,3.0,1955,RUS
116,13.0,Tony Bettenhausen ,USA,Kurtis Kraft Offenhauser,3.0,1955,BET
117,13.0,Johnny  Thomson ,USA,Kuzma Offenhauser,3.0,1955,THO
118,13.0,Paul  Frere ,BEL,Ferrari,3.0,1955,FRE
119,17.0,Jose Froilan  Gonzalez ,ARG,Ferrari,2.0,1955,GON
120,17.0,Cesare  Perdisa ,ITA,Maserati,2.0,1955,PER
121,17.0,Luigi Villoresi ,ITA,Lancia,2.0,1955,VIL
122,17.0,Carlos  Menditeguy ,ARG,Maserati,2.0,1955,MEN
123,21.0,Umberto Maglioli ,ITA,Ferrari,1.3,1955,MAG
124,22.0,Hans Herrmann ,GER,Mercedes-Benz,1.0,1955,HER
125,22.0,Walt Faulkner ,USA,Kurtis Kraft Offenhauser,1.0,1955,FAU
126,22.0,Bill  Homeier ,USA,Kurtis Kraft Offenhauser,1.0,1955,HOM
127,22.0,Bill Vukovich,USA,Kurtis Kraft Offenhauser,1.0,1955,VUK
128,1.0,Juan Manuel  Fangio ,ARG,Ferrari,30.0,1956,FAN
129,2.0,Stirling  Moss ,GBR,Maserati,27.0,1956,MOS
130,3.0,Peter  Collins ,GBR,Ferrari,25.0,1956,COL
131,4.0,Jean  Behra ,FRA,Maserati,22.0,1956,BEH
132,5.0,Pat  Flaherty ,USA,Watson Offenhauser,8.0,1956,FLA
133,6.0,Eugenio  Castellotti ,ITA,Ferrari,7.5,1956,CAS
134,7.0,Sam  Hanks ,USA,Kurtis Kraft Offenhauser,6.0,1956,HAN
135,7.0,Paul  Frere ,BEL,Ferrari,6.0,1956,FRE
136,7.0,Paco Godia ,ESP,Maserati,6.0,1956,GOD
137,10.0,Jack Fairman ,GBR,Connaught Alta,5.0,1956,FAI
138,11.0,Mike  Hawthorn ,GBR,BRM,4.0,1956,HAW
139,11.0,Luigi  Musso ,ITA,Ferrari,4.0,1956,MUS
140,11.0,Don Freeland ,USA,Phillips Offenhauser,4.0,1956,FRE
141,11.0,Ron  Flockhart ,GBR,Connaught Alta,4.0,1956,FLO
142,15.0,Johnnie Parsons ,USA,Kuzma Offenhauser,3.0,1956,PAR
143,15.0,Harry  Schell ,USA,Vanwall,3.0,1956,SCH
144,15.0,Alfonso  de Portago,ESP,Ferrari,3.0,1956,DEP
145,15.0,Cesare  Perdisa ,ITA,Maserati,3.0,1956,PER
146,19.0,Olivier Gendebien ,BEL,Ferrari,2.0,1956,GEN
147,19.0,Hermano  da Silva Ramos ,BRA,Gordini,2.0,1956,DAS
148,19.0,Dick  Rathmann ,USA,Kurtis Kraft Offenhauser,2.0,1956,RAT
149,19.0,Luigi Villoresi ,ITA,Maserati,2.0,1956,VIL
150,19.0,Horace Gould,GBR,Maserati,2.0,1956,GOU
151,19.0,Louis Rosier ,FRA,Maserati,2.0,1956,ROS
152,25.0,Gerino Gerini,ITA,Maserati,1.5,1956,GER
153,25.0,Chico  Landi ,BRA,Maserati,1.5,1956,LAN
154,27.0,Paul  Russo ,USA,Kurtis Kraft Novi,1.0,1956,RUS
155,1.0,Juan Manuel  Fangio ,ARG,Maserati,40.0,1957,FAN
156,2.0,Stirling  Moss ,GBR,Vanwall,25.0,1957,MOS
157,3.0,Luigi  Musso ,ITA,Ferrari,16.0,1957,MUS
158,4.0,Mike  Hawthorn ,GBR,Ferrari,13.0,1957,HAW
159,5.0,Tony  Brooks ,GBR,Vanwall,11.0,1957,BRO
160,6.0,Masten  Gregory ,USA,Maserati,10.0,1957,GRE
161,6.0,Harry  Schell ,USA,Maserati,10.0,1957,SCH
162,8.0,Sam  Hanks ,USA,Epperly Offenhauser,8.0,1957,HAN
163,8.0,Peter  Collins ,GBR,Ferrari,8.0,1957,COL
164,10.0,Jim  Rathmann ,USA,Epperly Offenhauser,7.0,1957,RAT
165,11.0,Jean  Behra ,FRA,Maserati,6.0,1957,BEH
166,12.0,Stuart Lewis-Evans,GBR,Vanwall,5.0,1957,LEW
167,12.0,Maurice Trintignant ,FRA,Ferrari,5.0,1957,TRI
168,14.0,Carlos  Menditeguy ,ARG,Maserati,4.0,1957,MEN
169,14.0,Jimmy  Bryan ,USA,Kuzma Offenhauser,4.0,1957,BRY
170,14.0,Wolfgang  von Trips ,GER,Ferrari,4.0,1957,VON
171,17.0,Paul  Russo ,USA,Kurtis Kraft Novi,3.0,1957,RUS
172,18.0,Andy  Linden ,USA,Kurtis Kraft Offenhauser,2.0,1957,LIN
173,18.0,Roy  Salvadori ,GBR,Cooper Climax,2.0,1957,SAL
174,20.0,Alfonso  de Portago,ESP,Ferrari,1.0,1957,DEP
175,20.0,Jose Froilan  Gonzalez ,ARG,Ferrari,1.0,1957,GON
176,20.0,Giorgio Scarlatti,ITA,Maserati,1.0,1957,SCA
177,1.0,Mike  Hawthorn ,GBR,Ferrari,42.0,1958,HAW
178,2.0,Stirling  Moss ,GBR,Vanwall,41.0,1958,MOS
179,3.0,Tony  Brooks ,GBR,Vanwall,24.0,1958,BRO
180,4.0,Roy  Salvadori ,GBR,Cooper Climax,15.0,1958,SAL
181,5.0,Peter  Collins ,GBR,Ferrari,14.0,1958,COL
182,5.0,Harry  Schell ,USA,BRM,14.0,1958,SCH
183,7.0,Maurice Trintignant ,FRA,Cooper Climax,12.0,1958,TRI
184,7.0,Luigi  Musso ,ITA,Ferrari,12.0,1958,MUS
185,9.0,Stuart Lewis-Evans,GBR,Vanwall,11.0,1958,LEW
186,10.0,Phil  Hill ,USA,Ferrari,9.0,1958,HIL
187,10.0,Jean  Behra ,FRA,BRM,9.0,1958,BEH
188,10.0,Wolfgang  von Trips ,GER,Ferrari,9.0,1958,VON
189,13.0,Jimmy  Bryan ,USA,Epperly Offenhauser,8.0,1958,BRY
190,14.0,Juan Manuel  Fangio ,ARG,Maserati,7.0,1958,FAN
191,15.0,George Amick ,USA,Epperly Offenhauser,6.0,1958,AMI
192,16.0,Tony Bettenhausen ,USA,Epperly Offenhauser,4.0,1958,BET
193,16.0,Johnny Boyd ,USA,Kurtis Kraft Offenhauser,4.0,1958,BOY
194,18.0,Jack  Brabham ,AUS,Cooper Climax,3.0,1958,BRA
195,18.0,Cliff  Allison ,GBR,Lotus Climax,3.0,1958,ALL
196,18.0,Jo  Bonnier ,SWE,BRM,3.0,1958,BON
197,21.0,Jim  Rathmann ,USA,Epperly Offenhauser,2.0,1958,RAT
198,1.0,Jack  Brabham ,AUS,Cooper Climax,31.0,1959,BRA
199,2.0,Tony  Brooks ,GBR,Ferrari,27.0,1959,BRO
200,3.0,Stirling  Moss ,GBR,Cooper Climax,25.5,1959,MOS
201,4.0,Phil  Hill ,USA,Ferrari,20.0,1959,HIL
202,5.0,Maurice Trintignant ,FRA,Cooper Climax,19.0,1959,TRI
203,6.0,Bruce  McLaren ,NZL,Cooper Climax,16.5,1959,MCL
204,7.0,Dan  Gurney ,USA,Ferrari,13.0,1959,GUR
205,8.0,Jo  Bonnier ,SWE,BRM,10.0,1959,BON
206,8.0,Masten  Gregory ,USA,Cooper Climax,10.0,1959,GRE
207,10.0,Rodger  Ward ,USA,Kurtis Kraft Offenhauser,8.0,1959,WAR
208,11.0,Jim  Rathmann ,USA,Watson Offenhauser,6.0,1959,RAT
209,12.0,Johnny  Thomson ,USA,Lesovsky Offenhauser,5.0,1959,THO
210,12.0,Innes  Ireland ,GBR,Lotus Climax,5.0,1959,IRE
211,12.0,Harry  Schell ,USA,Cooper Climax,5.0,1959,SCH
212,15.0,Tony Bettenhausen ,USA,Epperly Offenhauser,3.0,1959,BET
213,15.0,Olivier Gendebien ,BEL,Ferrari,3.0,1959,GEN
214,17.0,Paul  Goldsmith ,USA,Epperly Offenhauser,2.0,1959,GOL
215,17.0,Jean  Behra ,FRA,Ferrari,2.0,1959,BEH
216,17.0,Cliff  Allison ,GBR,Ferrari,2.0,1959,ALL
217,1.0,Jack  Brabham ,AUS,Cooper Climax,43.0,1960,BRA
218,2.0,Bruce  McLaren ,NZL,Cooper Climax,34.0,1960,MCL
219,3.0,Stirling  Moss ,GBR,Lotus Climax,19.0,1960,MOS
220,4.0,Innes  Ireland ,GBR,Lotus Climax,18.0,1960,IRE
221,5.0,Phil  Hill ,USA,Cooper Climax,16.0,1960,HIL
222,6.0,Olivier Gendebien ,BEL,Cooper Climax,10.0,1960,GEN
223,6.0,Wolfgang  von Trips ,GER,Cooper Maserati,10.0,1960,VON
224,8.0,Jim  Rathmann ,USA,Watson Offenhauser,8.0,1960,RAT
225,8.0,Richie  Ginther ,USA,Ferrari,8.0,1960,GIN
226,8.0,Jim  Clark ,GBR,Lotus Climax,8.0,1960,CLA
227,11.0,Tony  Brooks ,GBR,Cooper Climax,7.0,1960,BRO
228,12.0,Cliff  Allison ,GBR,Ferrari,6.0,1960,ALL
229,12.0,Rodger  Ward ,USA,Watson Offenhauser,6.0,1960,WAR
230,12.0,John  Surtees ,GBR,Lotus Climax,6.0,1960,SUR
231,15.0,Paul  Goldsmith ,USA,Epperly Offenhauser,4.0,1960,GOL
232,15.0,Graham  Hill ,GBR,BRM,4.0,1960,HIL
233,15.0,Willy  Mairesse ,BEL,Ferrari,4.0,1960,MAI
234,15.0,Jo  Bonnier ,SWE,BRM,4.0,1960,BON
235,19.0,Carlos  Menditeguy ,ARG,Cooper Maserati,3.0,1960,MEN
236,19.0,Don Branson ,USA,Phillips Offenhauser,3.0,1960,BRA
237,19.0,Henry  Taylor ,GBR,Cooper Climax,3.0,1960,TAY
238,19.0,Giulio  Cabianca ,ITA,Cooper Castellotti,3.0,1960,CAB
239,23.0,Johnny  Thomson ,USA,Lesovsky Offenhauser,2.0,1960,THO
240,24.0,Eddie  Johnson ,USA,Trevis Offenhauser,1.0,1960,JOH
241,24.0,Lucien  Bianchi ,BEL,Cooper Climax,1.0,1960,BIA
242,24.0,Ron  Flockhart ,GBR,Cooper Climax,1.0,1960,FLO
243,24.0,Hans Herrmann ,GER,Porsche,1.0,1960,HER
244,1.0,Phil  Hill ,USA,Ferrari,34.0,1961,HIL
245,2.0,Wolfgang  von Trips ,GER,Ferrari,33.0,1961,VON
246,3.0,Stirling  Moss ,GBR,Lotus Climax,21.0,1961,MOS
247,3.0,Dan  Gurney ,USA,Porsche,21.0,1961,GUR
248,5.0,Richie  Ginther ,USA,Ferrari,16.0,1961,GIN
249,6.0,Innes  Ireland ,GBR,Lotus Climax,12.0,1961,IRE
250,7.0,Jim  Clark ,GBR,Lotus Climax,11.0,1961,CLA
251,7.0,Bruce  McLaren ,NZL,Cooper Climax,11.0,1961,MCL
252,9.0,Giancarlo  Baghetti ,ITA,Ferrari,9.0,1961,BAG
253,10.0,Tony  Brooks ,GBR,BRM Climax,6.0,1961,BRO
254,11.0,Jack  Brabham ,AUS,Cooper Climax,4.0,1961,BRA
255,11.0,John  Surtees ,GBR,Cooper Climax,4.0,1961,SUR
256,13.0,Olivier Gendebien ,BEL,Lotus Climax,3.0,1961,GEN
257,13.0,Jackie Lewis,GBR,Cooper Climax,3.0,1961,LEW
258,13.0,Jo  Bonnier ,SWE,Porsche,3.0,1961,BON
259,13.0,Graham  Hill ,GBR,BRM Climax,3.0,1961,HIL
260,17.0,Roy  Salvadori ,GBR,Cooper Climax,2.0,1961,SAL
261,1.0,Graham  Hill ,GBR,BRM,42.0,1962,HIL
262,2.0,Jim  Clark ,GBR,Lotus Climax,30.0,1962,CLA
263,3.0,Bruce  McLaren ,NZL,Cooper Climax,27.0,1962,MCL
264,4.0,John  Surtees ,GBR,Lola Climax,19.0,1962,SUR
265,5.0,Dan  Gurney ,USA,Porsche,15.0,1962,GUR
266,6.0,Phil  Hill ,USA,Ferrari,14.0,1962,HIL
267,7.0,Tony  Maggs ,RSA,Cooper Climax,13.0,1962,MAG
268,8.0,Richie  Ginther ,USA,BRM,10.0,1962,GIN
269,9.0,Jack  Brabham ,AUS,Brabham Climax,9.0,1962,BRA
270,10.0,Trevor Taylor,GBR,Lotus Climax,6.0,1962,TAY
271,11.0,Giancarlo  Baghetti ,ITA,Ferrari,5.0,1962,BAG
272,12.0,Lorenzo  Bandini ,ITA,Ferrari,4.0,1962,BAN
273,12.0,Ricardo Rodriguez,MEX,Ferrari,4.0,1962,ROD
274,14.0,Willy  Mairesse ,BEL,Ferrari,3.0,1962,MAI
275,14.0,Jo  Bonnier ,SWE,Porsche,3.0,1962,BON
276,16.0,Innes  Ireland ,GBR,Lotus Climax,2.0,1962,IRE
277,16.0,Carel Godin  de Beaufort,NED,Porsche,2.0,1962,DEB
278,18.0,Masten  Gregory ,USA,Lotus BRM,1.0,1962,GRE
279,18.0,Neville  Lederle ,RSA,Lotus Climax,1.0,1962,LED
280,1.0,Jim  Clark ,GBR,Lotus Climax,54.0,1963,CLA
281,2.0,Graham  Hill ,GBR,BRM,29.0,1963,HIL
282,2.0,Richie  Ginther ,USA,BRM,29.0,1963,GIN
283,4.0,John  Surtees ,GBR,Ferrari,22.0,1963,SUR
284,5.0,Dan  Gurney ,USA,Brabham Climax,19.0,1963,GUR
285,6.0,Bruce  McLaren ,NZL,Cooper Climax,17.0,1963,MCL
286,7.0,Jack  Brabham ,AUS,Brabham Climax,14.0,1963,BRA
287,8.0,Tony  Maggs ,RSA,Cooper Climax,9.0,1963,MAG
288,9.0,Innes  Ireland ,GBR,BRP BRM,6.0,1963,IRE
289,9.0,Lorenzo  Bandini ,ITA,Ferrari,6.0,1963,BAN
290,9.0,Jo  Bonnier ,SWE,Cooper Climax,6.0,1963,BON
291,12.0,Gerhard  Mitter ,GER,Porsche,3.0,1963,MIT
292,12.0,Jim Hall,USA,Lotus BRM,3.0,1963,HAL
293,14.0,Carel Godin  de Beaufort,NED,Porsche,2.0,1963,DEB
294,15.0,Trevor Taylor,GBR,Lotus Climax,1.0,1963,TAY
295,15.0,Ludovico  Scarfiotti ,ITA,Ferrari,1.0,1963,SCA
296,15.0,Jo  Siffert ,SUI,Lotus BRM,1.0,1963,SIF
297,18.0,Willy  Mairesse ,BEL,Ferrari,0.0,1963,MAI
298,18.0,Maurice Trintignant ,FRA,BRM,0.0,1963,TRI
299,18.0,Tony Settember,USA,Scirocco BRM,0.0,1963,SET
300,18.0,Lucien  Bianchi ,BEL,Lola Climax,0.0,1963,BIA
301,18.0,Phil  Hill ,USA,ATS,0.0,1963,HIL
302,18.0,Giancarlo  Baghetti ,ITA,ATS,0.0,1963,BAG
303,18.0,Chris  Amon ,NZL,Lotus BRM,0.0,1963,AMO
304,18.0,Bob  Anderson ,GBR,Lola Climax,0.0,1963,AND
305,18.0,Ian  Raby ,GBR,Gilby BRM,0.0,1963,RAB
306,18.0,John Campbell-Jones,GBR,Lola Climax,0.0,1963,CAM
307,18.0,Ian  Burgess,GBR,Scirocco BRM,0.0,1963,BUR
308,18.0,Mario de Araujo Cabral,POR,Cooper Climax,0.0,1963,DEA
309,18.0,Bernard Collomb,FRA,Lotus Climax,0.0,1963,COL
310,18.0,Mike  Spence ,GBR,Lotus Climax,0.0,1963,SPE
311,18.0,Peter  Broeker,CAN,Stebro Ford,0.0,1963,BRO
312,18.0,Rodger  Ward ,USA,Lotus BRM,0.0,1963,WAR
313,18.0,Pedro  Rodriguez ,MEX,Lotus Climax,0.0,1963,ROD
314,18.0,Hap Sharp,USA,Lotus BRM,0.0,1963,SHA
315,18.0,Moises  Solana ,MEX,BRM,0.0,1963,SOL
316,18.0,Doug  Serrurier ,RSA,LDS Alfa Romeo,0.0,1963,SER
317,18.0,Trevor  Blokdyk ,RSA,Cooper Maserati,0.0,1963,BLO
318,18.0,Brausch  Niemann ,RSA,Lotus Ford,0.0,1963,NIE
319,18.0,John  Love ,RHO,Cooper Climax,0.0,1963,LOV
320,18.0,Ernie  Pieterse ,RSA,Lotus Climax,0.0,1963,PIE
321,18.0,Peter  de Klerk ,RSA,Alfa Romeo,0.0,1963,DEK
322,18.0,Sam  Tingle ,RHO,LDS Alfa Romeo,0.0,1963,TIN
323,18.0,David  Prophet ,GBR,Brabham Ford,0.0,1963,PRO
324,1.0,John  Surtees ,GBR,Ferrari,40.0,1964,SUR
325,2.0,Graham  Hill ,GBR,BRM,39.0,1964,HIL
326,3.0,Jim  Clark ,GBR,Lotus Climax,32.0,1964,CLA
327,4.0,Lorenzo  Bandini ,ITA,Ferrari,23.0,1964,BAN
328,4.0,Richie  Ginther ,USA,BRM,23.0,1964,GIN
329,6.0,Dan  Gurney ,USA,Brabham Climax,19.0,1964,GUR
330,7.0,Bruce  McLaren ,NZL,Cooper Climax,13.0,1964,MCL
331,8.0,Peter Arundell,GBR,Lotus Climax,11.0,1964,ARU
332,8.0,Jack  Brabham ,AUS,Brabham Climax,11.0,1964,BRA
333,10.0,Jo  Siffert ,SUI,Brabham BRM,7.0,1964,SIF
334,11.0,Bob  Anderson ,GBR,Brabham Climax,5.0,1964,AND
335,12.0,Tony  Maggs ,RSA,BRM,4.0,1964,MAG
336,12.0,Mike  Spence ,GBR,Lotus Climax,4.0,1964,SPE
337,12.0,Innes  Ireland ,GBR,BRP BRM,4.0,1964,IRE
338,15.0,Jo  Bonnier ,SWE,Brabham Climax,3.0,1964,BON
339,16.0,Chris  Amon ,NZL,Lotus BRM,2.0,1964,AMO
340,16.0,Maurice Trintignant ,FRA,BRM,2.0,1964,TRI
341,16.0,Walt Hansgen ,USA,Lotus Climax,2.0,1964,HAN
342,19.0,Mike  Hailwood ,GBR,Lotus BRM,1.0,1964,HAI
343,19.0,Phil  Hill ,USA,Cooper Climax,1.0,1964,HIL
344,19.0,Trevor Taylor,GBR,BRP BRM,1.0,1964,TAY
345,19.0,Pedro  Rodriguez ,MEX,Ferrari,1.0,1964,ROD
346,1.0,Jim  Clark ,GBR,Lotus Climax,54.0,1965,CLA
347,2.0,Graham  Hill ,GBR,BRM,40.0,1965,HIL
348,3.0,Jackie  Stewart ,GBR,BRM,33.0,1965,STE
349,4.0,Dan  Gurney ,USA,Brabham Climax,25.0,1965,GUR
350,5.0,John  Surtees ,GBR,Ferrari,17.0,1965,SUR
351,6.0,Lorenzo  Bandini ,ITA,Ferrari,13.0,1965,BAN
352,7.0,Richie  Ginther ,USA,Honda,11.0,1965,GIN
353,8.0,Mike  Spence ,GBR,Lotus Climax,10.0,1965,SPE
354,8.0,Bruce  McLaren ,NZL,Cooper Climax,10.0,1965,MCL
355,10.0,Jack  Brabham ,AUS,Brabham Climax,9.0,1965,BRA
356,11.0,Denny  Hulme ,NZL,Brabham Climax,5.0,1965,HUL
357,11.0,Jo  Siffert ,SUI,Brabham BRM,5.0,1965,SIF
358,13.0,Jochen  Rindt ,AUT,Cooper Climax,4.0,1965,RIN
359,14.0,Pedro  Rodriguez ,MEX,Ferrari,2.0,1965,ROD
360,14.0,Ronnie  Bucknum ,USA,Honda,2.0,1965,BUC
361,14.0,Richard  Attwood ,GBR,Lotus BRM,2.0,1965,ATT
362,1.0,Jack  Brabham ,AUS,Brabham Repco,42.0,1966,BRA
363,2.0,John  Surtees ,GBR,Cooper Maserati,28.0,1966,SUR
364,3.0,Jochen  Rindt ,AUT,Cooper Maserati,22.0,1966,RIN
365,4.0,Denny  Hulme ,NZL,Brabham Repco,18.0,1966,HUL
366,5.0,Graham  Hill ,GBR,BRM,17.0,1966,HIL
367,6.0,Jim  Clark ,GBR,Lotus BRM,16.0,1966,CLA
368,7.0,Jackie  Stewart ,GBR,BRM,14.0,1966,STE
369,8.0,Mike Parkes,GBR,Ferrari,12.0,1966,PAR
370,8.0,Lorenzo  Bandini ,ITA,Ferrari,12.0,1966,BAN
371,10.0,Ludovico  Scarfiotti ,ITA,Ferrari,9.0,1966,SCA
372,11.0,Richie  Ginther ,USA,Honda,5.0,1966,GIN
373,12.0,Dan  Gurney ,USA,Eagle Climax,4.0,1966,GUR
374,12.0,Mike  Spence ,GBR,Lotus BRM,4.0,1966,SPE
375,14.0,Bob  Bondurant ,USA,Eagle Weslake,3.0,1966,BON
376,14.0,Jo  Siffert ,SUI,Cooper Maserati,3.0,1966,SIF
377,14.0,Bruce  McLaren ,NZL,McLaren Ford,3.0,1966,MCL
378,17.0,John Taylor,GBR,Brabham BRM,1.0,1966,TAY
379,17.0,Bob  Anderson ,GBR,Brabham Climax,1.0,1966,AND
380,17.0,Peter Arundell,GBR,Lotus BRM,1.0,1966,ARU
381,17.0,Jo  Bonnier ,SWE,Cooper Maserati,1.0,1966,BON
382,1.0,Denny  Hulme ,NZL,Brabham Repco,51.0,1967,HUL
383,2.0,Jack  Brabham ,AUS,Brabham Repco,46.0,1967,BRA
384,3.0,Jim  Clark ,GBR,Lotus Ford,41.0,1967,CLA
385,4.0,John  Surtees ,GBR,Honda,20.0,1967,SUR
386,4.0,Chris  Amon ,NZL,Ferrari,20.0,1967,AMO
387,6.0,Pedro  Rodriguez ,MEX,Cooper Maserati,15.0,1967,ROD
388,6.0,Graham  Hill ,GBR,Lotus Ford,15.0,1967,HIL
389,8.0,Dan  Gurney ,USA,Eagle Climax,13.0,1967,GUR
390,9.0,Jackie  Stewart ,GBR,BRM,10.0,1967,STE
391,10.0,Mike  Spence ,GBR,BRM,9.0,1967,SPE
392,11.0,John  Love ,RHO,Cooper Climax,6.0,1967,LOV
393,11.0,Jochen  Rindt ,AUT,Cooper Maserati,6.0,1967,RIN
394,11.0,Jo  Siffert ,SUI,Cooper Maserati,6.0,1967,SIF
395,14.0,Bruce  McLaren ,NZL,McLaren BRM,3.0,1967,MCL
396,14.0,Jo  Bonnier ,SWE,Cooper Maserati,3.0,1967,BON
397,16.0,Bob  Anderson ,GBR,Brabham Climax,2.0,1967,AND
398,16.0,Mike Parkes,GBR,Ferrari,2.0,1967,PAR
399,16.0,Chris Irwin ,GBR,BRM,2.0,1967,IRW
400,19.0,Ludovico  Scarfiotti ,ITA,Eagle Weslake,1.0,1967,SCA
401,19.0,Guy Ligier,FRA,Brabham Repco,1.0,1967,LIG
402,19.0,Jacky  Ickx ,BEL,Cooper Maserati,1.0,1967,ICK
403,1.0,Graham  Hill ,GBR,Lotus Ford,48.0,1968,HIL
404,2.0,Jackie  Stewart ,GBR,Matra Ford,36.0,1968,STE
405,3.0,Denny  Hulme ,NZL,McLaren Ford,33.0,1968,HUL
406,4.0,Jacky  Ickx ,BEL,Ferrari,27.0,1968,ICK
407,5.0,Bruce  McLaren ,NZL,McLaren Ford,22.0,1968,MCL
408,6.0,Pedro  Rodriguez ,MEX,BRM,18.0,1968,ROD
409,7.0,Jo  Siffert ,SUI,Lotus Ford,12.0,1968,SIF
410,7.0,John  Surtees ,GBR,Honda,12.0,1968,SUR
411,9.0,Jean-Pierre  Beltoise ,FRA,Matra,11.0,1968,BEL
412,10.0,Chris  Amon ,NZL,Ferrari,10.0,1968,AMO
413,11.0,Jim  Clark ,GBR,Lotus Ford,9.0,1968,CLA
414,12.0,Jochen  Rindt ,AUT,Brabham Repco,8.0,1968,RIN
415,13.0,Richard  Attwood ,GBR,BRM,6.0,1968,ATT
416,13.0,Johnny Servoz-Gavin,FRA,Matra Ford,6.0,1968,SER
417,13.0,Jackie  Oliver ,GBR,Lotus Ford,6.0,1968,OLI
418,13.0,Ludovico  Scarfiotti ,ITA,Cooper BRM,6.0,1968,SCA
419,17.0,Lucien  Bianchi ,BEL,Cooper BRM,5.0,1968,BIA
420,17.0,Vic Elford,GBR,Cooper BRM,5.0,1968,ELF
421,19.0,Brian Redman ,GBR,Cooper BRM,4.0,1968,RED
422,19.0,Piers Courage ,GBR,BRM,4.0,1968,COU
423,21.0,Dan  Gurney ,USA,McLaren Ford,3.0,1968,GUR
424,21.0,Jo  Bonnier ,SWE,Honda,3.0,1968,BON
425,23.0,Silvio Moser,SUI,Brabham Repco,2.0,1968,MOS
426,23.0,Jack  Brabham ,AUS,Brabham Repco,2.0,1968,BRA
427,1.0,Jackie  Stewart ,GBR,Matra Ford,63.0,1969,STE
428,2.0,Jacky  Ickx ,BEL,Brabham Ford,37.0,1969,ICK
429,3.0,Bruce  McLaren ,NZL,McLaren Ford,26.0,1969,MCL
430,4.0,Jochen  Rindt ,AUT,Lotus Ford,22.0,1969,RIN
431,5.0,Jean-Pierre  Beltoise ,FRA,Matra Ford,21.0,1969,BEL
432,6.0,Denny  Hulme ,NZL,McLaren Ford,20.0,1969,HUL
433,7.0,Graham  Hill ,GBR,Lotus Ford,19.0,1969,HIL
434,8.0,Piers Courage ,GBR,Brabham Ford,16.0,1969,COU
435,9.0,Jo  Siffert ,SUI,Lotus Ford,15.0,1969,SIF
436,10.0,Jack  Brabham ,AUS,Brabham Ford,14.0,1969,BRA
437,11.0,John  Surtees ,GBR,BRM,6.0,1969,SUR
438,12.0,Chris  Amon ,NZL,Ferrari,4.0,1969,AMO
439,13.0,Vic Elford,GBR,McLaren Ford,3.0,1969,ELF
440,13.0,Pedro  Rodriguez ,MEX,Ferrari,3.0,1969,ROD
441,16.0,Johnny Servoz-Gavin,FRA,Matra Ford,1.0,1969,SER
442,16.0,Silvio Moser,SUI,Brabham Ford,1.0,1969,MOS
443,16.0,Jackie  Oliver ,GBR,BRM,1.0,1969,OLI
444,1.0,Jochen  Rindt ,AUT,Lotus Ford,45.0,1970,RIN
445,2.0,Jacky  Ickx ,BEL,Ferrari,40.0,1970,ICK
446,3.0,Clay  Regazzoni ,SUI,Ferrari,33.0,1970,REG
447,4.0,Denny  Hulme ,NZL,McLaren Ford,27.0,1970,HUL
448,5.0,Jack  Brabham ,AUS,Brabham Ford,25.0,1970,BRA
449,5.0,Jackie  Stewart ,GBR,Tyrrell Ford,25.0,1970,STE
450,7.0,Pedro  Rodriguez ,MEX,BRM,23.0,1970,ROD
451,7.0,Chris  Amon ,NZL,March Ford,23.0,1970,AMO
452,9.0,Jean-Pierre  Beltoise ,FRA,Matra,16.0,1970,BEL
453,10.0,Emerson  Fittipaldi ,BRA,Lotus Ford,12.0,1970,FIT
454,11.0,Rolf  Stommelen ,GER,Brabham Ford,10.0,1970,STO
455,12.0,Henri  Pescarolo ,FRA,Matra,8.0,1970,PES
456,13.0,Graham  Hill ,GBR,Lotus Ford,7.0,1970,HIL
457,14.0,Bruce  McLaren ,NZL,McLaren Ford,6.0,1970,MCL
458,15.0,Mario  Andretti ,USA,March Ford,4.0,1970,AND
459,15.0,Reine Wisell ,SWE,Lotus Ford,4.0,1970,WIS
460,17.0,Ignazio Giunti,ITA,Ferrari,3.0,1970,GIU
461,17.0,John  Surtees ,GBR,Surtees Ford,3.0,1970,SUR
462,19.0,John Miles ,GBR,Lotus Ford,2.0,1970,MIL
463,19.0,Johnny Servoz-Gavin,FRA,March Ford,2.0,1970,SER
464,19.0,Jackie  Oliver ,GBR,BRM,2.0,1970,OLI
465,22.0,Dan  Gurney ,USA,McLaren Ford,1.0,1970,GUR
466,22.0,Francois Cevert,FRA,March Ford,1.0,1970,CEV
467,22.0,Peter Gethin,GBR,McLaren Ford,1.0,1970,GET
468,22.0,Derek  Bell ,GBR,Surtees Ford,1.0,1970,BEL
469,1.0,Jackie  Stewart ,GBR,Tyrrell Ford,62.0,1971,STE
470,3.0,Francois Cevert,FRA,Tyrrell Ford,26.0,1971,CEV
471,4.0,Jacky  Ickx ,BEL,Ferrari,19.0,1971,ICK
472,4.0,Jo  Siffert ,SUI,BRM,19.0,1971,SIF
473,6.0,Emerson  Fittipaldi ,BRA,Lotus Ford,16.0,1971,FIT
474,7.0,Clay  Regazzoni ,SUI,Ferrari,13.0,1971,REG
475,8.0,Mario  Andretti ,USA,Ferrari,12.0,1971,AND
476,9.0,Peter Gethin,GBR,BRM,9.0,1971,GET
477,9.0,Pedro  Rodriguez ,MEX,BRM,9.0,1971,ROD
478,9.0,Chris  Amon ,NZL,Matra,9.0,1971,AMO
479,9.0,Reine Wisell ,SWE,Lotus Ford,9.0,1971,WIS
480,9.0,Denny  Hulme ,NZL,McLaren Ford,9.0,1971,HUL
481,14.0,Tim Schenken ,AUS,Brabham Ford,5.0,1971,SCH
482,14.0,Howden Ganley,NZL,BRM,5.0,1971,GAN
483,18.0,Mike  Hailwood ,GBR,Surtees Ford,3.0,1971,HAI
484,18.0,John  Surtees ,GBR,Surtees Ford,3.0,1971,SUR
485,18.0,Rolf  Stommelen ,GER,Surtees Ford,3.0,1971,STO
486,21.0,Graham  Hill ,GBR,Brabham Ford,2.0,1971,HIL
487,22.0,Jean-Pierre  Beltoise ,FRA,Matra,1.0,1971,BEL
488,1.0,Emerson  Fittipaldi ,BRA,Lotus Ford,61.0,1972,FIT
489,2.0,Jackie  Stewart ,GBR,Tyrrell Ford,45.0,1972,STE
490,3.0,Denny  Hulme ,NZL,McLaren Ford,39.0,1972,HUL
491,4.0,Jacky  Ickx ,BEL,Ferrari,27.0,1972,ICK
492,5.0,Peter Revson ,USA,McLaren Ford,23.0,1972,REV
493,6.0,Francois Cevert,FRA,Tyrrell Ford,15.0,1972,CEV
494,6.0,Clay  Regazzoni ,SUI,Ferrari,15.0,1972,REG
495,8.0,Mike  Hailwood ,GBR,Surtees Ford,13.0,1972,HAI
496,9.0,Ronnie  Peterson ,SWE,March Ford,12.0,1972,PET
497,9.0,Chris  Amon ,NZL,Matra,12.0,1972,AMO
498,11.0,Jean-Pierre  Beltoise ,FRA,BRM,9.0,1972,BEL
499,12.0,Mario  Andretti ,USA,Ferrari,4.0,1972,AND
500,12.0,Howden Ganley,NZL,BRM,4.0,1972,GAN
501,12.0,Brian Redman ,GBR,BRM,4.0,1972,RED
502,12.0,Graham  Hill ,GBR,Brabham Ford,4.0,1972,HIL
503,16.0,Andrea  de Adamich,ITA,Surtees Ford,3.0,1972,DEA
504,16.0,Carlos  Reutemann ,ARG,Brabham Ford,3.0,1972,REU
505,16.0,Carlos  Pace ,BRA,March Ford,3.0,1972,PAC
506,19.0,Tim Schenken ,AUS,Surtees Ford,2.0,1972,SCH
507,20.0,Arturo  Merzario ,ITA,Ferrari,1.0,1972,MER
508,20.0,Peter Gethin,GBR,BRM,1.0,1972,GET
509,1.0,Jackie  Stewart ,GBR,Tyrrell Ford,71.0,1973,STE
510,2.0,Emerson  Fittipaldi ,BRA,Lotus Ford,55.0,1973,FIT
511,3.0,Ronnie  Peterson ,SWE,Lotus Ford,52.0,1973,PET
512,4.0,Francois Cevert,FRA,Tyrrell Ford,47.0,1973,CEV
513,5.0,Peter Revson ,USA,McLaren Ford,38.0,1973,REV
514,6.0,Denny  Hulme ,NZL,McLaren Ford,26.0,1973,HUL
515,7.0,Carlos  Reutemann ,ARG,Brabham Ford,16.0,1973,REU
516,8.0,James  Hunt ,GBR,March Ford,14.0,1973,HUN
517,9.0,Jacky  Ickx ,BEL,Iso Marlboro Ford,12.0,1973,ICK
518,10.0,Jean-Pierre  Beltoise ,FRA,BRM,9.0,1973,BEL
519,11.0,Carlos  Pace ,BRA,Surtees Ford,7.0,1973,PAC
520,12.0,Arturo  Merzario ,ITA,Ferrari,6.0,1973,MER
521,13.0,George Follmer,USA,Shadow Ford,5.0,1973,FOL
522,14.0,Jackie  Oliver ,GBR,Shadow Ford,4.0,1973,OLI
523,15.0,Andrea  de Adamich,ITA,Brabham Ford,3.0,1973,DEA
524,15.0,Wilson  Fittipaldi ,BRA,Brabham Ford,3.0,1973,FIT
525,17.0,Niki  Lauda ,AUT,BRM,2.0,1973,LAU
526,17.0,Clay  Regazzoni ,SUI,BRM,2.0,1973,REG
527,19.0,Chris  Amon ,NZL,Tyrrell Ford,1.0,1973,AMO
528,19.0,Gijs  van Lennep ,NED,Iso Marlboro Ford,1.0,1973,VAN
529,19.0,Howden Ganley,NZL,Iso Marlboro Ford,1.0,1973,GAN
530,1.0,Emerson  Fittipaldi ,BRA,McLaren Ford,55.0,1974,FIT
531,2.0,Clay  Regazzoni ,SUI,Ferrari,52.0,1974,REG
532,3.0,Jody  Scheckter ,RSA,Tyrrell Ford,45.0,1974,SCH
533,4.0,Niki  Lauda ,AUT,Ferrari,38.0,1974,LAU
534,5.0,Ronnie  Peterson ,SWE,Lotus Ford,35.0,1974,PET
535,6.0,Carlos  Reutemann ,ARG,Brabham Ford,32.0,1974,REU
536,7.0,Denny  Hulme ,NZL,McLaren Ford,20.0,1974,HUL
537,8.0,James  Hunt ,GBR,Hesketh Ford,15.0,1974,HUN
538,9.0,Patrick  Depailler ,FRA,Tyrrell Ford,14.0,1974,DEP
539,10.0,Jacky  Ickx ,BEL,Lotus Ford,12.0,1974,ICK
540,10.0,Mike  Hailwood ,GBR,McLaren Ford,12.0,1974,HAI
541,12.0,Carlos  Pace ,BRA,Brabham Ford,11.0,1974,PAC
542,13.0,Jean-Pierre  Beltoise ,FRA,BRM,10.0,1974,BEL
543,14.0,Jean-Pierre  Jarier ,FRA,Shadow Ford,6.0,1974,JAR
544,14.0,John  Watson ,GBR,Brabham Ford,6.0,1974,WAT
545,16.0,Hans-Joachim  Stuck ,GER,March Ford,5.0,1974,STU
546,17.0,Arturo  Merzario ,ITA,Iso Marlboro Ford,4.0,1974,MER
547,18.0,Graham  Hill ,GBR,Lola Ford,1.0,1974,HIL
548,18.0,Tom  Pryce ,GBR,Shadow Ford,1.0,1974,PRY
549,18.0,Vittorio  Brambilla ,ITA,March Ford,1.0,1974,BRA
550,1.0,Niki  Lauda ,AUT,Ferrari,64.5,1975,LAU
551,2.0,Emerson  Fittipaldi ,BRA,McLaren Ford,45.0,1975,FIT
552,3.0,Carlos  Reutemann ,ARG,Brabham Ford,37.0,1975,REU
553,4.0,James  Hunt ,GBR,Hesketh Ford,33.0,1975,HUN
554,5.0,Clay  Regazzoni ,SUI,Ferrari,25.0,1975,REG
555,6.0,Carlos  Pace ,BRA,Brabham Ford,24.0,1975,PAC
556,7.0,Jody  Scheckter ,RSA,Tyrrell Ford,20.0,1975,SCH
557,7.0,Jochen  Mass ,GER,McLaren Ford,20.0,1975,MAS
558,9.0,Patrick  Depailler ,FRA,Tyrrell Ford,12.0,1975,DEP
559,10.0,Tom  Pryce ,GBR,Shadow Ford,8.0,1975,PRY
560,11.0,Vittorio  Brambilla ,ITA,March Ford,6.5,1975,BRA
561,12.0,Jacques  Laffite ,FRA,Frank Williams Racing Cars/Williams,6.0,1975,LAF
562,12.0,Ronnie  Peterson ,SWE,Lotus Ford,6.0,1975,PET
563,14.0,Mario  Andretti ,USA,Parnelli Ford,5.0,1975,AND
564,15.0,Mark  Donohue ,USA,March Ford,4.0,1975,DON
565,16.0,Jacky  Ickx ,BEL,Lotus Ford,3.0,1975,ICK
566,17.0,Alan Jones ,AUS,Hill Ford,2.0,1975,JON
567,18.0,Jean-Pierre  Jarier ,FRA,Shadow Ford,1.5,1975,JAR
568,19.0,Tony  Brise ,GBR,Hill Ford,1.0,1975,BRI
569,19.0,Gijs  van Lennep ,NED,Ensign Ford,1.0,1975,VAN
570,21.0,Lella  Lombardi ,ITA,Frank Williams Racing Cars/Williams,0.5,1975,LOM
571,1.0,James  Hunt ,GBR,McLaren Ford,69.0,1976,HUN
572,2.0,Niki  Lauda ,AUT,Ferrari,68.0,1976,LAU
573,3.0,Jody  Scheckter ,RSA,Tyrrell Ford,49.0,1976,SCH
574,4.0,Patrick  Depailler ,FRA,Tyrrell Ford,39.0,1976,DEP
575,5.0,Clay  Regazzoni ,SUI,Ferrari,31.0,1976,REG
576,6.0,Mario  Andretti ,USA,Lotus Ford,22.0,1976,AND
577,7.0,John  Watson ,GBR,Penske Ford,20.0,1976,WAT
578,7.0,Jacques  Laffite ,FRA,Ligier Matra,20.0,1976,LAF
579,9.0,Jochen  Mass ,GER,McLaren Ford,19.0,1976,MAS
580,10.0,Gunnar  Nilsson ,SWE,Lotus Ford,11.0,1976,NIL
581,11.0,Ronnie  Peterson ,SWE,March Ford,10.0,1976,PET
582,11.0,Tom  Pryce ,GBR,Shadow Ford,10.0,1976,PRY
583,13.0,Hans-Joachim  Stuck ,GER,March Ford,8.0,1976,STU
584,14.0,Carlos  Pace ,BRA,Brabham Alfa Romeo,7.0,1976,PAC
585,14.0,Alan Jones ,AUS,Surtees Ford,7.0,1976,JON
586,16.0,Carlos  Reutemann ,ARG,Ferrari,3.0,1976,REU
587,16.0,Emerson  Fittipaldi ,BRA,Fittipaldi Ford,3.0,1976,FIT
588,18.0,Chris  Amon ,NZL,Wolf-Williams,2.0,1976,AMO
589,19.0,Rolf  Stommelen ,GER,Brabham Alfa Romeo,1.0,1976,STO
590,19.0,Vittorio  Brambilla ,ITA,March Ford,1.0,1976,BRA
591,1.0,Niki  Lauda ,AUT,Ferrari,72.0,1977,LAU
592,2.0,Jody  Scheckter ,RSA,Wolf Ford,55.0,1977,SCH
593,3.0,Mario  Andretti ,USA,Lotus Ford,47.0,1977,AND
594,4.0,Carlos  Reutemann ,ARG,Ferrari,42.0,1977,REU
595,5.0,James  Hunt ,GBR,McLaren Ford,40.0,1977,HUN
596,6.0,Jochen  Mass ,GER,McLaren Ford,25.0,1977,MAS
597,7.0,Alan Jones ,AUS,Shadow Ford,22.0,1977,JON
598,8.0,Gunnar  Nilsson ,SWE,Lotus Ford,20.0,1977,NIL
599,8.0,Patrick  Depailler ,FRA,Tyrrell Ford,20.0,1977,DEP
600,10.0,Jacques  Laffite ,FRA,Ligier Matra,18.0,1977,LAF
601,11.0,Hans-Joachim  Stuck ,GER,Brabham Alfa Romeo,12.0,1977,STU
602,12.0,Emerson  Fittipaldi ,BRA,Fittipaldi Ford,11.0,1977,FIT
603,13.0,John  Watson ,GBR,Brabham Alfa Romeo,9.0,1977,WAT
604,14.0,Ronnie  Peterson ,SWE,Tyrrell Ford,7.0,1977,PET
605,15.0,Carlos  Pace ,BRA,Brabham Alfa Romeo,6.0,1977,PAC
606,15.0,Vittorio  Brambilla ,ITA,Surtees Ford,6.0,1977,BRA
607,17.0,Patrick  Tambay ,FRA,Ensign Ford,5.0,1977,TAM
608,17.0,Clay  Regazzoni ,SUI,Ensign Ford,5.0,1977,REG
609,19.0,Renzo  Zorzi ,ITA,Shadow Ford,1.0,1977,ZOR
610,19.0,Jean-Pierre  Jarier ,FRA,Ligier Matra,1.0,1977,JAR
611,19.0,Riccardo  Patrese ,ITA,Shadow Ford,1.0,1977,PAT
612,1.0,Mario  Andretti ,USA,Lotus Ford,64.0,1978,AND
613,2.0,Ronnie  Peterson ,SWE,Lotus Ford,51.0,1978,PET
614,3.0,Carlos  Reutemann ,ARG,Ferrari,48.0,1978,REU
615,4.0,Niki  Lauda ,AUT,Brabham Alfa Romeo,44.0,1978,LAU
616,5.0,Patrick  Depailler ,FRA,Tyrrell Ford,34.0,1978,DEP
617,6.0,John  Watson ,GBR,Brabham Alfa Romeo,25.0,1978,WAT
618,7.0,Jody  Scheckter ,RSA,Wolf Ford,24.0,1978,SCH
619,8.0,Jacques  Laffite ,FRA,Ligier Matra,19.0,1978,LAF
620,9.0,Gilles  Villeneuve ,CAN,Ferrari,17.0,1978,VIL
621,9.0,Emerson  Fittipaldi ,BRA,Fittipaldi Ford,17.0,1978,FIT
622,11.0,Alan Jones ,AUS,Williams Ford,11.0,1978,JON
623,11.0,Riccardo  Patrese ,ITA,Arrows Ford,11.0,1978,PAT
624,13.0,James  Hunt ,GBR,McLaren Ford,8.0,1978,HUN
625,13.0,Patrick  Tambay ,FRA,McLaren Ford,8.0,1978,TAM
626,15.0,Didier  Pironi ,FRA,Tyrrell Ford,7.0,1978,PIR
627,16.0,Clay  Regazzoni ,SUI,Shadow Ford,4.0,1978,REG
628,17.0,Jean-Pierre  Jabouille ,FRA,Renault,3.0,1978,JAB
629,18.0,Hans-Joachim  Stuck ,GER,Shadow Ford,2.0,1978,STU
630,19.0,Hector  Rebaque ,MEX,Lotus Ford,1.0,1978,REB
631,19.0,Vittorio  Brambilla ,ITA,Surtees Ford,1.0,1978,BRA
632,19.0,Derek  Daly ,IRL,Ensign Ford,1.0,1978,DAL
633,1.0,Jody  Scheckter ,RSA,Ferrari,51.0,1979,SCH
634,2.0,Gilles  Villeneuve ,CAN,Ferrari,47.0,1979,VIL
635,3.0,Alan Jones ,AUS,Williams Ford,40.0,1979,JON
636,4.0,Jacques  Laffite ,FRA,Ligier Ford,36.0,1979,LAF
637,5.0,Clay  Regazzoni ,SUI,Williams Ford,29.0,1979,REG
638,6.0,Patrick  Depailler ,FRA,Ligier Ford,20.0,1979,DEP
639,6.0,Carlos  Reutemann ,ARG,Lotus Ford,20.0,1979,REU
640,8.0,Rene  Arnoux ,FRA,Renault,17.0,1979,ARN
641,9.0,John  Watson ,GBR,McLaren Ford,15.0,1979,WAT
642,10.0,Didier  Pironi ,FRA,Tyrrell Ford,14.0,1979,PIR
643,10.0,Jean-Pierre  Jarier ,FRA,Tyrrell Ford,14.0,1979,JAR
644,10.0,Mario  Andretti ,USA,Lotus Ford,14.0,1979,AND
645,13.0,Jean-Pierre  Jabouille ,FRA,Renault,9.0,1979,JAB
646,14.0,Niki  Lauda ,AUT,Brabham Ford,4.0,1979,LAU
647,15.0,Nelson  Piquet ,BRA,Brabham Ford,3.0,1979,PIQ
648,15.0,Elio  de Angelis ,ITA,Shadow Ford,3.0,1979,DEA
649,15.0,Jacky  Ickx ,BEL,Ligier Ford,3.0,1979,ICK
650,15.0,Jochen  Mass ,GER,Arrows Ford,3.0,1979,MAS
651,19.0,Riccardo  Patrese ,ITA,Arrows Ford,2.0,1979,PAT
652,19.0,Hans-Joachim  Stuck ,GER,ATS Ford,2.0,1979,STU
653,21.0,Emerson  Fittipaldi ,BRA,Fittipaldi Ford,1.0,1979,FIT
654,1.0,Alan Jones ,AUS,Williams Ford,67.0,1980,JON
655,2.0,Nelson  Piquet ,BRA,Brabham Ford,54.0,1980,PIQ
656,3.0,Carlos  Reutemann ,ARG,Williams Ford,42.0,1980,REU
657,4.0,Jacques  Laffite ,FRA,Ligier Ford,34.0,1980,LAF
658,5.0,Didier  Pironi ,FRA,Ligier Ford,32.0,1980,PIR
659,6.0,Rene  Arnoux ,FRA,Renault,29.0,1980,ARN
660,7.0,Elio  de Angelis ,ITA,Lotus Ford,13.0,1980,DEA
661,8.0,Jean-Pierre  Jabouille ,FRA,Renault,9.0,1980,JAB
662,9.0,Riccardo  Patrese ,ITA,Arrows Ford,7.0,1980,PAT
663,10.0,Keke  Rosberg ,FIN,Fittipaldi Ford,6.0,1980,ROS
664,10.0,Derek  Daly ,IRL,Tyrrell Ford,6.0,1980,DAL
665,10.0,John  Watson ,GBR,McLaren Ford,6.0,1980,WAT
666,10.0,Jean-Pierre  Jarier ,FRA,Tyrrell Ford,6.0,1980,JAR
667,10.0,Gilles  Villeneuve ,CAN,Ferrari,6.0,1980,VIL
668,15.0,Emerson  Fittipaldi ,BRA,Fittipaldi Ford,5.0,1980,FIT
669,15.0,Alain  Prost ,FRA,McLaren Ford,5.0,1980,PRO
670,17.0,Jochen  Mass ,GER,Arrows Ford,4.0,1980,MAS
671,17.0,Bruno  Giacomelli ,ITA,Alfa Romeo,4.0,1980,GIA
672,19.0,Jody  Scheckter ,RSA,Ferrari,2.0,1980,SCH
673,20.0,Hector  Rebaque ,MEX,Brabham Ford,1.0,1980,REB
674,20.0,Mario  Andretti ,USA,Lotus Ford,1.0,1980,AND
675,1.0,Nelson  Piquet ,BRA,Brabham Ford,50.0,1981,PIQ
676,2.0,Carlos  Reutemann ,ARG,Williams Ford,49.0,1981,REU
677,3.0,Alan Jones ,AUS,Williams Ford,46.0,1981,JON
678,4.0,Jacques  Laffite ,FRA,Ligier Matra,44.0,1981,LAF
679,5.0,Alain  Prost ,FRA,Renault,43.0,1981,PRO
680,6.0,John  Watson ,GBR,McLaren Ford,27.0,1981,WAT
681,7.0,Gilles  Villeneuve ,CAN,Ferrari,25.0,1981,VIL
682,8.0,Elio  de Angelis ,ITA,Lotus Ford,14.0,1981,DEA
683,9.0,Rene  Arnoux ,FRA,Renault,11.0,1981,ARN
684,9.0,Hector  Rebaque ,MEX,Brabham Ford,11.0,1981,REB
685,11.0,Riccardo  Patrese ,ITA,Arrows Ford,10.0,1981,PAT
686,11.0,Eddie Cheever ,USA,Tyrrell Ford,10.0,1981,CHE
687,13.0,Didier  Pironi ,FRA,Ferrari,9.0,1981,PIR
688,14.0,Nigel  Mansell ,GBR,Lotus Ford,8.0,1981,MAN
689,15.0,Bruno  Giacomelli ,ITA,Alfa Romeo,7.0,1981,GIA
690,16.0,Marc  Surer ,SUI,Theodore Ford,4.0,1981,SUR
691,17.0,Mario  Andretti ,USA,Alfa Romeo,3.0,1981,AND
692,18.0,Patrick  Tambay ,FRA,Ligier Matra,1.0,1981,TAM
693,18.0,Andrea  de Cesaris ,ITA,McLaren Ford,1.0,1981,DEC
694,18.0,Slim  Borgudd ,SWE,ATS Ford,1.0,1981,BOR
695,18.0,Eliseo  Salazar ,CHI,Ensign Ford,1.0,1981,SAL
696,1.0,Keke  Rosberg ,FIN,Williams Ford,44.0,1982,ROS
697,2.0,Didier  Pironi ,FRA,Ferrari,39.0,1982,PIR
698,2.0,John  Watson ,GBR,McLaren Ford,39.0,1982,WAT
699,4.0,Alain  Prost ,FRA,Renault,34.0,1982,PRO
700,5.0,Niki  Lauda ,AUT,McLaren Ford,30.0,1982,LAU
701,6.0,Rene  Arnoux ,FRA,Renault,28.0,1982,ARN
702,7.0,Patrick  Tambay ,FRA,Ferrari,25.0,1982,TAM
703,7.0,Michele  Alboreto ,ITA,Tyrrell Ford,25.0,1982,ALB
704,9.0,Elio  de Angelis ,ITA,Lotus Ford,23.0,1982,DEA
705,10.0,Riccardo  Patrese ,ITA,Brabham BMW,21.0,1982,PAT
706,11.0,Nelson  Piquet ,BRA,Brabham BMW,20.0,1982,PIQ
707,12.0,Eddie Cheever ,USA,Ligier Matra,15.0,1982,CHE
708,13.0,Derek  Daly ,IRL,Williams Ford,8.0,1982,DAL
709,14.0,Nigel  Mansell ,GBR,Lotus Ford,7.0,1982,MAN
710,15.0,Carlos  Reutemann ,ARG,Williams Ford,6.0,1982,REU
711,15.0,Gilles  Villeneuve ,CAN,Ferrari,6.0,1982,VIL
712,17.0,Andrea  de Cesaris ,ITA,Alfa Romeo,5.0,1982,DEC
713,17.0,Jacques  Laffite ,FRA,Ligier Matra,5.0,1982,LAF
714,19.0,Mario  Andretti ,USA,Ferrari,4.0,1982,AND
715,20.0,Jean-Pierre  Jarier ,FRA,Osella Ford,3.0,1982,JAR
716,20.0,Marc  Surer ,SUI,Arrows Ford,3.0,1982,SUR
717,22.0,Manfred  Winkelhock ,GER,ATS Ford,2.0,1982,WIN
718,22.0,Eliseo  Salazar ,CHI,ATS Ford,2.0,1982,SAL
719,22.0,Bruno  Giacomelli ,ITA,Alfa Romeo,2.0,1982,GIA
720,22.0,Mauro  Baldi ,ITA,Arrows Ford,2.0,1982,BAL
721,26.0,Chico  Serra ,BRA,Fittipaldi Ford,1.0,1982,SER
722,1.0,Nelson  Piquet ,BRA,Brabham BMW,59.0,1983,PIQ
723,2.0,Alain  Prost ,FRA,Renault,57.0,1983,PRO
724,3.0,Rene  Arnoux ,FRA,Ferrari,49.0,1983,ARN
725,4.0,Patrick  Tambay ,FRA,Ferrari,40.0,1983,TAM
726,5.0,Keke  Rosberg ,FIN,Williams Honda,27.0,1983,ROS
727,6.0,John  Watson ,GBR,McLaren Ford,22.0,1983,WAT
728,7.0,Eddie Cheever ,USA,Renault,22.0,1983,CHE
729,8.0,Andrea  de Cesaris ,ITA,Alfa Romeo,15.0,1983,DEC
730,9.0,Riccardo  Patrese ,ITA,Brabham BMW,13.0,1983,PAT
731,10.0,Niki  Lauda ,AUT,McLaren TAG,12.0,1983,LAU
732,11.0,Jacques  Laffite ,FRA,Williams Honda,11.0,1983,LAF
733,12.0,Michele  Alboreto ,ITA,Tyrrell Ford,10.0,1983,ALB
734,13.0,Nigel  Mansell ,GBR,Lotus Renault,10.0,1983,MAN
735,14.0,Derek  Warwick ,GBR,Toleman Hart,9.0,1983,WAR
736,15.0,Marc  Surer ,SUI,Arrows Ford,4.0,1983,SUR
737,16.0,Mauro  Baldi ,ITA,Alfa Romeo,3.0,1983,BAL
738,17.0,Elio  de Angelis ,ITA,Lotus Renault,2.0,1983,DEA
739,18.0,Danny  Sullivan ,USA,Tyrrell Ford,2.0,1983,SUL
740,19.0,Bruno  Giacomelli ,ITA,Toleman Hart,1.0,1983,GIA
741,20.0,Johnny  Cecotto ,VEN,Theodore Ford,1.0,1983,CEC
742,1.0,Niki  Lauda ,AUT,McLaren TAG,72.0,1984,LAU
743,2.0,Alain  Prost ,FRA,McLaren TAG,71.5,1984,PRO
744,3.0,Elio  de Angelis ,ITA,Lotus Renault,34.0,1984,DEA
745,4.0,Michele  Alboreto ,ITA,Ferrari,30.5,1984,ALB
746,5.0,Nelson  Piquet ,BRA,Brabham BMW,29.0,1984,PIQ
747,6.0,Rene  Arnoux ,FRA,Ferrari,27.0,1984,ARN
748,7.0,Derek  Warwick ,GBR,Renault,23.0,1984,WAR
749,8.0,Keke  Rosberg ,FIN,Williams Honda,20.5,1984,ROS
750,9.0,Ayrton  Senna ,BRA,Toleman Hart,13.0,1984,SEN
751,10.0,Nigel  Mansell ,GBR,Lotus Renault,13.0,1984,MAN
752,11.0,Patrick  Tambay ,FRA,Renault,11.0,1984,TAM
753,12.0,Teo  Fabi ,ITA,Brabham BMW,9.0,1984,FAB
754,13.0,Riccardo  Patrese ,ITA,Alfa Romeo,8.0,1984,PAT
755,14.0,Jacques  Laffite ,FRA,Williams Honda,5.0,1984,LAF
756,15.0,Thierry  Boutsen ,BEL,Arrows BMW,5.0,1984,BOU
757,16.0,Eddie Cheever ,USA,Alfa Romeo,3.0,1984,CHE
758,17.0,Stefan  Johansson ,SWE,Toleman Hart,3.0,1984,JOH
759,18.0,Andrea  de Cesaris ,ITA,Ligier Renault,3.0,1984,DEC
760,19.0,Piercarlo  Ghinzani ,ITA,Osella Alfa Romeo,2.0,1984,GHI
761,20.0,Marc  Surer ,SUI,Arrows BMW,1.0,1984,SUR
762,1.0,Alain  Prost ,FRA,McLaren TAG,73.0,1985,PRO
763,2.0,Michele  Alboreto ,ITA,Ferrari,53.0,1985,ALB
764,3.0,Keke  Rosberg ,FIN,Williams Honda,40.0,1985,ROS
765,4.0,Ayrton  Senna ,BRA,Lotus Renault,38.0,1985,SEN
766,5.0,Elio  de Angelis ,ITA,Lotus Renault,33.0,1985,DEA
767,6.0,Nigel  Mansell ,GBR,Williams Honda,31.0,1985,MAN
768,7.0,Stefan  Johansson ,SWE,Ferrari,26.0,1985,JOH
769,8.0,Nelson  Piquet ,BRA,Brabham BMW,21.0,1985,PIQ
770,9.0,Jacques  Laffite ,FRA,Ligier Renault,16.0,1985,LAF
771,10.0,Niki  Lauda ,AUT,McLaren TAG,14.0,1985,LAU
772,11.0,Thierry  Boutsen ,BEL,Arrows BMW,11.0,1985,BOU
773,12.0,Patrick  Tambay ,FRA,Renault,11.0,1985,TAM
774,13.0,Marc  Surer ,SUI,Brabham BMW,5.0,1985,SUR
775,14.0,Derek  Warwick ,GBR,Renault,5.0,1985,WAR
776,15.0,Philippe  Streiff ,FRA,Ligier Renault,4.0,1985,STR
777,16.0,Stefan  Bellof ,GER,Tyrrell Renault,4.0,1985,BEL
778,17.0,Andrea  de Cesaris ,ITA,Ligier Renault,3.0,1985,DEC
779,18.0,Rene  Arnoux ,FRA,Ferrari,3.0,1985,ARN
780,19.0,Ivan  Capelli ,ITA,Tyrrell Renault,3.0,1985,CAP
781,20.0,Gerhard  Berger ,AUT,Arrows BMW,3.0,1985,BER
782,1.0,Alain  Prost ,FRA,McLaren TAG,72.0,1986,PRO
783,2.0,Nigel  Mansell ,GBR,Williams Honda,70.0,1986,MAN
784,3.0,Nelson  Piquet ,BRA,Williams Honda,69.0,1986,PIQ
785,4.0,Ayrton  Senna ,BRA,Lotus Renault,55.0,1986,SEN
786,5.0,Stefan  Johansson ,SWE,Ferrari,23.0,1986,JOH
787,6.0,Keke  Rosberg ,FIN,McLaren TAG,22.0,1986,ROS
788,7.0,Gerhard  Berger ,AUT,Benetton BMW,17.0,1986,BER
789,8.0,Jacques  Laffite ,FRA,Ligier Renault,14.0,1986,LAF
790,9.0,Michele  Alboreto ,ITA,Ferrari,14.0,1986,ALB
791,10.0,Rene  Arnoux ,FRA,Ligier Renault,14.0,1986,ARN
792,11.0,Martin  Brundle ,GBR,Tyrrell Renault,8.0,1986,BRU
793,12.0,Alan Jones ,AUS,Lola Ford,4.0,1986,JON
794,13.0,Johnny  Dumfries ,GBR,Lotus Renault,3.0,1986,DUM
795,14.0,Philippe  Streiff ,FRA,Tyrrell Renault,3.0,1986,STR
796,15.0,Teo  Fabi ,ITA,Benetton BMW,2.0,1986,FAB
797,16.0,Patrick  Tambay ,FRA,Lola Ford,2.0,1986,TAM
798,17.0,Riccardo  Patrese ,ITA,Brabham BMW,2.0,1986,PAT
799,18.0,Philippe  Alliot ,FRA,Ligier Renault,1.0,1986,ALL
800,19.0,Christian  Danner ,GER,Arrows BMW,1.0,1986,DAN
801,1.0,Nelson  Piquet ,BRA,Williams Honda,73.0,1987,PIQ
802,2.0,Nigel  Mansell ,GBR,Williams Honda,61.0,1987,MAN
803,3.0,Ayrton  Senna ,BRA,Lotus Honda,57.0,1987,SEN
804,4.0,Alain  Prost ,FRA,McLaren TAG,46.0,1987,PRO
805,5.0,Gerhard  Berger ,AUT,Ferrari,36.0,1987,BER
806,6.0,Stefan  Johansson ,SWE,McLaren TAG,30.0,1987,JOH
807,7.0,Michele  Alboreto ,ITA,Ferrari,17.0,1987,ALB
808,8.0,Thierry  Boutsen ,BEL,Benetton Ford,16.0,1987,BOU
809,9.0,Teo  Fabi ,ITA,Benetton Ford,12.0,1987,FAB
810,10.0,Eddie Cheever ,USA,Arrows Megatron,8.0,1987,CHE
811,11.0,Jonathan Palmer ,GBR,Tyrrell Ford,7.0,1987,PAL
812,12.0,Satoru  Nakajima ,JPN,Lotus Honda,7.0,1987,NAK
813,13.0,Riccardo  Patrese ,ITA,Williams Honda,6.0,1987,PAT
814,14.0,Andrea  de Cesaris ,ITA,Brabham BMW,4.0,1987,DEC
815,15.0,Philippe  Streiff ,FRA,Tyrrell Ford,4.0,1987,STR
816,16.0,Derek  Warwick ,GBR,Arrows Megatron,3.0,1987,WAR
817,17.0,Philippe  Alliot ,FRA,Lola Ford,3.0,1987,ALL
818,18.0,Martin  Brundle ,GBR,Zakspeed,2.0,1987,BRU
819,19.0,Rene  Arnoux ,FRA,Ligier Megatron,1.0,1987,ARN
820,20.0,Ivan  Capelli ,ITA,March Ford,1.0,1987,CAP
821,21.0,Roberto  Moreno ,BRA,AGS Ford,1.0,1987,MOR
822,1.0,Ayrton  Senna ,BRA,McLaren Honda,90.0,1988,SEN
823,2.0,Alain  Prost ,FRA,McLaren Honda,87.0,1988,PRO
824,3.0,Gerhard  Berger ,AUT,Ferrari,41.0,1988,BER
825,4.0,Thierry  Boutsen ,BEL,Benetton Ford,27.0,1988,BOU
826,5.0,Michele  Alboreto ,ITA,Ferrari,24.0,1988,ALB
827,6.0,Nelson  Piquet ,BRA,Lotus Honda,22.0,1988,PIQ
828,7.0,Ivan  Capelli ,ITA,March Judd,17.0,1988,CAP
829,8.0,Derek  Warwick ,GBR,Arrows Megatron,17.0,1988,WAR
830,9.0,Nigel  Mansell ,GBR,Williams Judd,12.0,1988,MAN
831,10.0,Alessandro  Nannini ,ITA,Benetton Ford,12.0,1988,NAN
832,11.0,Riccardo  Patrese ,ITA,Williams Judd,8.0,1988,PAT
833,12.0,Eddie Cheever ,USA,Arrows Megatron,6.0,1988,CHE
834,13.0,Mauricio  Gugelmin ,BRA,March Judd,5.0,1988,GUG
835,14.0,Jonathan Palmer ,GBR,Tyrrell Ford,5.0,1988,PAL
836,15.0,Andrea  de Cesaris ,ITA,Rial Ford,3.0,1988,DEC
837,16.0,Pierluigi  Martini ,ITA,Minardi Ford,1.0,1988,MAR
838,17.0,Satoru  Nakajima ,JPN,Lotus Honda,1.0,1988,NAK
839,1.0,Alain  Prost ,FRA,McLaren Honda,76.0,1989,PRO
840,2.0,Ayrton  Senna ,BRA,McLaren Honda,60.0,1989,SEN
841,3.0,Riccardo  Patrese ,ITA,Williams Renault,40.0,1989,PAT
842,4.0,Nigel  Mansell ,GBR,Ferrari,38.0,1989,MAN
843,5.0,Thierry  Boutsen ,BEL,Williams Renault,37.0,1989,BOU
844,6.0,Alessandro  Nannini ,ITA,Benetton Ford,32.0,1989,NAN
845,7.0,Gerhard  Berger ,AUT,Ferrari,21.0,1989,BER
846,8.0,Nelson  Piquet ,BRA,Lotus Judd,12.0,1989,PIQ
847,9.0,Jean  Alesi ,FRA,Tyrrell Ford,8.0,1989,ALE
848,10.0,Derek  Warwick ,GBR,Arrows Ford,7.0,1989,WAR
849,11.0,Stefan  Johansson ,SWE,Onyx Ford,6.0,1989,JOH
850,11.0,Michele  Alboreto ,ITA,Lola Lamborghini,6.0,1989,ALB
851,11.0,Eddie Cheever ,USA,Arrows Ford,6.0,1989,CHE
852,14.0,Johnny  Herbert ,GBR,Tyrrell Ford,5.0,1989,HER
853,15.0,Pierluigi  Martini ,ITA,Minardi Ford,5.0,1989,MAR
854,16.0,Andrea  de Cesaris ,ITA,Dallara Ford,4.0,1989,DEC
855,16.0,Mauricio  Gugelmin ,BRA,March Judd,4.0,1989,GUG
856,16.0,Stefano  Modena ,ITA,Brabham Judd,4.0,1989,MOD
857,19.0,Alex  Caffi ,ITA,Dallara Ford,4.0,1989,CAF
858,20.0,Martin  Brundle ,GBR,Brabham Judd,4.0,1989,BRU
859,21.0,Christian  Danner ,GER,Rial Ford,3.0,1989,DAN
860,21.0,Satoru  Nakajima ,JPN,Lotus Judd,3.0,1989,NAK
861,23.0,Rene  Arnoux ,FRA,Ligier Ford,2.0,1989,ARN
862,23.0,Emanuele  Pirro ,ITA,Benetton Ford,2.0,1989,PIR
863,25.0,Jonathan Palmer ,GBR,Tyrrell Ford,2.0,1989,PAL
864,26.0,Gabriele  Tarquini ,ITA,AGS Ford,1.0,1989,TAR
865,26.0,Philippe  Alliot ,FRA,Lola Lamborghini,1.0,1989,ALL
866,26.0,Olivier  Grouillard ,FRA,Ligier Ford,1.0,1989,GRO
867,26.0,Luis  Perez-Sala ,ESP,Minardi Ford,1.0,1989,PER
868,1.0,Ayrton  Senna ,BRA,McLaren Honda,78.0,1990,SEN
869,2.0,Alain  Prost ,FRA,Ferrari,71.0,1990,PRO
870,3.0,Nelson  Piquet ,BRA,Benetton Ford,43.0,1990,PIQ
871,3.0,Gerhard  Berger ,AUT,McLaren Honda,43.0,1990,BER
872,5.0,Nigel  Mansell ,GBR,Ferrari,37.0,1990,MAN
873,6.0,Thierry  Boutsen ,BEL,Williams Renault,34.0,1990,BOU
874,7.0,Riccardo  Patrese ,ITA,Williams Renault,23.0,1990,PAT
875,8.0,Alessandro  Nannini ,ITA,Benetton Ford,21.0,1990,NAN
876,9.0,Jean  Alesi ,FRA,Tyrrell Ford,13.0,1990,ALE
877,10.0,Ivan  Capelli ,ITA,Leyton House Judd,6.0,1990,CAP
878,10.0,Roberto  Moreno ,BRA,Benetton Ford,6.0,1990,MOR
879,12.0,Aguri  Suzuki ,JPN,Lola Lamborghini,6.0,1990,SUZ
880,13.0,Eric  Bernard ,FRA,Lola Lamborghini,5.0,1990,BER
881,14.0,Derek  Warwick ,GBR,Lotus Lamborghini,3.0,1990,WAR
882,15.0,Satoru  Nakajima ,JPN,Tyrrell Ford,3.0,1990,NAK
883,16.0,Alex  Caffi ,ITA,Arrows Ford,2.0,1990,CAF
884,16.0,Stefano  Modena ,ITA,Brabham Judd,2.0,1990,MOD
885,18.0,Mauricio  Gugelmin ,BRA,Leyton House Judd,1.0,1990,GUG
886,1.0,Ayrton  Senna ,BRA,McLaren Honda,96.0,1991,SEN
887,2.0,Nigel  Mansell ,GBR,Williams Renault,72.0,1991,MAN
888,3.0,Riccardo  Patrese ,ITA,Williams Renault,53.0,1991,PAT
889,4.0,Gerhard  Berger ,AUT,McLaren Honda,43.0,1991,BER
890,5.0,Alain  Prost ,FRA,Ferrari,34.0,1991,PRO
891,6.0,Nelson  Piquet ,BRA,Benetton Ford,26.5,1991,PIQ
892,7.0,Jean  Alesi ,FRA,Ferrari,21.0,1991,ALE
893,8.0,Stefano  Modena ,ITA,Tyrrell Honda,10.0,1991,MOD
894,9.0,Andrea  de Cesaris ,ITA,Jordan Ford,9.0,1991,DEC
895,10.0,Roberto  Moreno ,BRA,Minardi Ferrari,8.0,1991,MOR
896,11.0,Pierluigi  Martini ,ITA,Minardi Ferrari,6.0,1991,MAR
897,12.0,Jyrki  Jarvilehto ,FIN,Dallara Judd,4.0,1991,JAR
898,12.0,Bertrand  Gachot ,FRA,Jordan Ford,4.0,1991,GAC
899,12.0,Michael  Schumacher ,GER,Benetton Ford,4.0,1991,MSC
900,15.0,Mika  Hakkinen ,FIN,Lotus Judd,2.0,1991,HAK
901,15.0,Martin  Brundle ,GBR,Brabham Yamaha,2.0,1991,BRU
902,15.0,Satoru  Nakajima ,JPN,Tyrrell Honda,2.0,1991,NAK
903,18.0,Julian  Bailey ,GBR,Lotus Judd,1.0,1991,BAI
904,18.0,Eric  Bernard ,FRA,Lola Ford,1.0,1991,BER
905,18.0,Ivan  Capelli ,ITA,Leyton House Ilmor,1.0,1991,CAP
906,18.0,Aguri  Suzuki ,JPN,Lola Ford,1.0,1991,SUZ
907,18.0,Emanuele  Pirro ,ITA,Dallara Judd,1.0,1991,PIR
908,18.0,Mark  Blundell ,GBR,Brabham Yamaha,1.0,1991,BLU
909,24.0,Gianni  Morbidelli ,ITA,Ferrari,0.5,1991,MOR
910,1.0,Nigel  Mansell ,GBR,Williams Renault,108.0,1992,MAN
911,2.0,Riccardo  Patrese ,ITA,Williams Renault,56.0,1992,PAT
912,3.0,Michael  Schumacher ,GER,Benetton Ford,53.0,1992,MSC
913,4.0,Ayrton  Senna ,BRA,McLaren Honda,50.0,1992,SEN
914,5.0,Gerhard  Berger ,AUT,McLaren Honda,49.0,1992,BER
915,6.0,Martin  Brundle ,GBR,Benetton Ford,38.0,1992,BRU
916,7.0,Jean  Alesi ,FRA,Ferrari,18.0,1992,ALE
917,8.0,Mika  Hakkinen ,FIN,Lotus Ford,11.0,1992,HAK
918,9.0,Andrea  de Cesaris ,ITA,Tyrrell Ilmor,8.0,1992,DEC
919,10.0,Michele  Alboreto ,ITA,Footwork Mugen Honda,6.0,1992,ALB
920,11.0,Erik  Comas ,FRA,Ligier Renault,4.0,1992,COM
921,12.0,Karl  Wendlinger ,AUT,March Ilmor,3.0,1992,WEN
922,12.0,Ivan  Capelli ,ITA,Ferrari,3.0,1992,CAP
923,14.0,Thierry  Boutsen ,BEL,Ligier Renault,2.0,1992,BOU
924,15.0,Pierluigi  Martini ,ITA,Dallara Ferrari,2.0,1992,MAR
925,16.0,Johnny  Herbert ,GBR,Lotus Ford,2.0,1992,HER
926,17.0,Stefano  Modena ,ITA,Jordan Yamaha,1.0,1992,MOD
927,18.0,Christian  Fittipaldi ,BRA,Minardi Lamborghini,1.0,1992,FIT
928,19.0,Bertrand  Gachot ,FRA,Venturi Lamborghini,1.0,1992,GAC
929,1.0,Alain  Prost ,FRA,Williams Renault,99.0,1993,PRO
930,2.0,Ayrton  Senna ,BRA,McLaren Ford,73.0,1993,SEN
931,3.0,Damon  Hill ,GBR,Williams Renault,69.0,1993,HIL
932,4.0,Michael  Schumacher ,GER,Benetton Ford,52.0,1993,MSC
933,5.0,Riccardo  Patrese ,ITA,Benetton Ford,20.0,1993,PAT
934,6.0,Jean  Alesi ,FRA,Ferrari,16.0,1993,ALE
935,7.0,Martin  Brundle ,GBR,Ligier Renault,13.0,1993,BRU
936,8.0,Gerhard  Berger ,AUT,Ferrari,12.0,1993,BER
937,9.0,Johnny  Herbert ,GBR,Lotus Ford,11.0,1993,HER
938,10.0,Mark  Blundell ,GBR,Ligier Renault,10.0,1993,BLU
939,11.0,Michael  Andretti ,USA,McLaren Ford,7.0,1993,AND
940,12.0,Karl  Wendlinger ,AUT,Sauber,7.0,1993,WEN
941,13.0,Christian  Fittipaldi ,BRA,Minardi Ford,5.0,1993,FIT
942,13.0,Jyrki  Jarvilehto ,FIN,Sauber,5.0,1993,JAR
943,15.0,Mika  Hakkinen ,FIN,McLaren Ford,4.0,1993,HAK
944,16.0,Derek  Warwick ,GBR,Footwork Mugen Honda,4.0,1993,WAR
945,17.0,Philippe  Alliot ,FRA,Larrousse Lamborghini,2.0,1993,ALL
946,17.0,Rubens  Barrichello ,BRA,Jordan Hart,2.0,1993,BAR
947,19.0,Fabrizio  Barbazza ,ITA,Minardi Ford,2.0,1993,BAR
948,20.0,Alessandro  Zanardi ,ITA,Lotus Ford,1.0,1993,ZAN
949,20.0,Erik  Comas ,FRA,Larrousse Lamborghini,1.0,1993,COM
950,20.0,Eddie  Irvine ,GBR,Jordan Hart,1.0,1993,IRV
951,1.0,Michael  Schumacher ,GER,Benetton Ford,92.0,1994,MSC
952,2.0,Damon  Hill ,GBR,Williams Renault,91.0,1994,HIL
953,3.0,Gerhard  Berger ,AUT,Ferrari,41.0,1994,BER
954,4.0,Mika  Hakkinen ,FIN,McLaren Peugeot,26.0,1994,HAK
955,5.0,Jean  Alesi ,FRA,Ferrari,24.0,1994,ALE
956,6.0,Rubens  Barrichello ,BRA,Jordan Hart,19.0,1994,BAR
957,7.0,Martin  Brundle ,GBR,McLaren Peugeot,16.0,1994,BRU
958,8.0,David  Coulthard ,GBR,Williams Renault,14.0,1994,COU
959,9.0,Nigel  Mansell ,GBR,Williams Renault,13.0,1994,MAN
960,10.0,Jos  Verstappen ,NED,Benetton Ford,10.0,1994,VER
961,11.0,Olivier  Panis ,FRA,Ligier Renault,9.0,1994,PAN
962,12.0,Mark  Blundell ,GBR,Tyrrell Yamaha,8.0,1994,BLU
963,13.0,Heinz-Harald  Frentzen ,GER,Sauber Mercedes,7.0,1994,FRE
964,14.0,Nicola  Larini ,ITA,Ferrari,6.0,1994,LAR
965,15.0,Christian  Fittipaldi ,BRA,Footwork Ford,6.0,1994,FIT
966,16.0,Eddie  Irvine ,GBR,Jordan Hart,6.0,1994,IRV
967,17.0,Ukyo  Katayama ,JPN,Tyrrell Yamaha,5.0,1994,KAT
968,18.0,Eric  Bernard ,FRA,Lotus Mugen Honda,4.0,1994,BER
969,19.0,Karl  Wendlinger ,AUT,Sauber Mercedes,4.0,1994,WEN
970,20.0,Andrea  de Cesaris ,ITA,Sauber Mercedes,4.0,1994,DEC
971,21.0,Pierluigi  Martini ,ITA,Minardi Ford,4.0,1994,MAR
972,22.0,Gianni  Morbidelli ,ITA,Footwork Ford,3.0,1994,MOR
973,23.0,Erik  Comas ,FRA,Larrousse Ford,2.0,1994,COM
974,24.0,Michele  Alboreto ,ITA,Minardi Ford,1.0,1994,ALB
975,25.0,Jyrki  Jarvilehto ,FIN,Sauber Mercedes,1.0,1994,JAR
976,1.0,Michael  Schumacher ,GER,Benetton Renault,102.0,1995,MSC
977,2.0,Damon  Hill ,GBR,Williams Renault,69.0,1995,HIL
978,3.0,David  Coulthard ,GBR,Williams Renault,49.0,1995,COU
979,4.0,Johnny  Herbert ,GBR,Benetton Renault,45.0,1995,HER
980,5.0,Jean  Alesi ,FRA,Ferrari,42.0,1995,ALE
981,6.0,Gerhard  Berger ,AUT,Ferrari,31.0,1995,BER
982,7.0,Mika  Hakkinen ,FIN,McLaren Mercedes,17.0,1995,HAK
983,8.0,Olivier  Panis ,FRA,Ligier Mugen Honda,16.0,1995,PAN
984,9.0,Heinz-Harald  Frentzen ,GER,Sauber Ford,15.0,1995,FRE
985,10.0,Mark  Blundell ,GBR,McLaren Mercedes,13.0,1995,BLU
986,11.0,Rubens  Barrichello ,BRA,Jordan Peugeot,11.0,1995,BAR
987,12.0,Eddie  Irvine ,GBR,Jordan Peugeot,10.0,1995,IRV
988,13.0,Martin  Brundle ,GBR,Ligier Mugen Honda,7.0,1995,BRU
989,14.0,Gianni  Morbidelli ,ITA,Footwork Hart,5.0,1995,MOR
990,15.0,Mika  Salo ,FIN,Tyrrell Yamaha,5.0,1995,SAL
991,16.0,Jean-Christophe  Boullion ,FRA,Sauber Ford,3.0,1995,BOU
992,17.0,Aguri  Suzuki ,JPN,Ligier Mugen Honda,1.0,1995,SUZ
993,18.0,Pedro  Lamy ,POR,Minardi Ford,1.0,1995,LAM
994,1.0,Damon  Hill ,GBR,Williams Renault,97.0,1996,HIL
995,2.0,Jacques  Villeneuve ,CAN,Williams Renault,78.0,1996,VIL
996,3.0,Michael  Schumacher ,GER,Ferrari,59.0,1996,MSC
997,4.0,Jean  Alesi ,FRA,Benetton Renault,47.0,1996,ALE
998,5.0,Mika  Hakkinen ,FIN,McLaren Mercedes,31.0,1996,HAK
999,6.0,Gerhard  Berger ,AUT,Benetton Renault,21.0,1996,BER
1000,7.0,David  Coulthard ,GBR,McLaren Mercedes,18.0,1996,COU
1001,8.0,Rubens  Barrichello ,BRA,Jordan Peugeot,14.0,1996,BAR
1002,9.0,Olivier  Panis ,FRA,Ligier Mugen Honda,13.0,1996,PAN
1003,10.0,Eddie  Irvine ,GBR,Ferrari,11.0,1996,IRV
1004,11.0,Martin  Brundle ,GBR,Jordan Peugeot,8.0,1996,BRU
1005,12.0,Heinz-Harald  Frentzen ,GER,Sauber Ford,7.0,1996,FRE
1006,13.0,Mika  Salo ,FIN,Tyrrell Yamaha,5.0,1996,SAL
1007,14.0,Johnny  Herbert ,GBR,Sauber Ford,4.0,1996,HER
1008,15.0,Pedro  Diniz ,BRA,Ligier Mugen Honda,2.0,1996,DIN
1009,16.0,Jos  Verstappen ,NED,Footwork Hart,1.0,1996,VER
1010,1.0,Jacques  Villeneuve ,CAN,Williams Renault,81.0,1997,VIL
1011,,Michael  Schumacher ,GER,Ferrari,78.0,1997,MSC
1012,2.0,Heinz-Harald  Frentzen ,GER,Williams Renault,42.0,1997,FRE
1013,3.0,David  Coulthard ,GBR,McLaren Mercedes,36.0,1997,COU
1014,4.0,Jean  Alesi ,FRA,Benetton Renault,36.0,1997,ALE
1015,5.0,Gerhard  Berger ,AUT,Benetton Renault,27.0,1997,BER
1016,6.0,Mika  Hakkinen ,FIN,McLaren Mercedes,27.0,1997,HAK
1017,7.0,Eddie  Irvine ,GBR,Ferrari,24.0,1997,IRV
1018,8.0,Giancarlo  Fisichella ,ITA,Jordan Peugeot,20.0,1997,FIS
1019,9.0,Olivier  Panis ,FRA,Prost Mugen Honda,16.0,1997,PAN
1020,10.0,Johnny  Herbert ,GBR,Sauber Petronas,15.0,1997,HER
1021,11.0,Ralf  Schumacher ,GER,Jordan Peugeot,13.0,1997,RSC
1022,12.0,Damon  Hill ,GBR,Arrows Yamaha,7.0,1997,HIL
1023,13.0,Rubens  Barrichello ,BRA,Stewart Ford,6.0,1997,BAR
1024,14.0,Alexander  Wurz ,AUT,Benetton Renault,4.0,1997,WUR
1025,15.0,Jarno  Trulli ,ITA,Prost Mugen Honda,3.0,1997,TRU
1026,16.0,Mika  Salo ,FIN,Tyrrell Ford,2.0,1997,SAL
1027,17.0,Pedro  Diniz ,BRA,Arrows Yamaha,2.0,1997,DIN
1028,18.0,Shinji  Nakano ,JPN,Prost Mugen Honda,2.0,1997,NAK
1029,19.0,Nicola  Larini ,ITA,Sauber Petronas,1.0,1997,LAR
1030,1.0,Mika  Hakkinen ,FIN,McLaren Mercedes,100.0,1998,HAK
1031,2.0,Michael  Schumacher ,GER,Ferrari,86.0,1998,MSC
1032,3.0,David  Coulthard ,GBR,McLaren Mercedes,56.0,1998,COU
1033,4.0,Eddie  Irvine ,GBR,Ferrari,47.0,1998,IRV
1034,5.0,Jacques  Villeneuve ,CAN,Williams Mecachrome,21.0,1998,VIL
1035,6.0,Damon  Hill ,GBR,Jordan Mugen Honda,20.0,1998,HIL
1036,7.0,Heinz-Harald  Frentzen ,GER,Williams Mecachrome,17.0,1998,FRE
1037,8.0,Alexander  Wurz ,AUT,Benetton Playlife,17.0,1998,WUR
1038,9.0,Giancarlo  Fisichella ,ITA,Benetton Playlife,16.0,1998,FIS
1039,10.0,Ralf  Schumacher ,GER,Jordan Mugen Honda,14.0,1998,RSC
1040,11.0,Jean  Alesi ,FRA,Sauber Petronas,9.0,1998,ALE
1041,12.0,Rubens  Barrichello ,BRA,Stewart Ford,4.0,1998,BAR
1042,13.0,Mika  Salo ,FIN,Arrows,3.0,1998,SAL
1043,14.0,Pedro  Diniz ,BRA,Arrows,3.0,1998,DIN
1044,15.0,Johnny  Herbert ,GBR,Sauber Petronas,1.0,1998,HER
1045,16.0,Jan  Magnussen ,DEN,Stewart Ford,1.0,1998,MAG
1046,17.0,Jarno  Trulli ,ITA,Prost Peugeot,1.0,1998,TRU
1047,18.0,Ricardo  Rosset ,BRA,Tyrrell Ford,0.0,1998,ROS
1048,19.0,Olivier  Panis ,FRA,Prost Peugeot,0.0,1998,PAN
1049,20.0,Toranosuke  Takagi ,JPN,Tyrrell Ford,0.0,1998,TAK
1050,21.0,Shinji  Nakano ,JPN,Minardi Ford,0.0,1998,NAK
1051,22.0,Esteban  Tuero ,ARG,Minardi Ford,0.0,1998,TUE
1052,23.0,Jos  Verstappen ,NED,Stewart Ford,0.0,1998,VER
1053,1.0,Mika  Hakkinen ,FIN,McLaren Mercedes,76.0,1999,HAK
1054,2.0,Eddie  Irvine ,GBR,Ferrari,74.0,1999,IRV
1055,3.0,Heinz-Harald  Frentzen ,GER,Jordan Mugen Honda,54.0,1999,FRE
1056,4.0,David  Coulthard ,GBR,McLaren Mercedes,48.0,1999,COU
1057,5.0,Michael  Schumacher ,GER,Ferrari,44.0,1999,MSC
1058,6.0,Ralf  Schumacher ,GER,Williams Supertec,35.0,1999,RSC
1059,7.0,Rubens  Barrichello ,BRA,Stewart Ford,21.0,1999,BAR
1060,8.0,Johnny  Herbert ,GBR,Stewart Ford,15.0,1999,HER
1061,9.0,Giancarlo  Fisichella ,ITA,Benetton Playlife,13.0,1999,FIS
1062,10.0,Mika  Salo ,FIN,Ferrari,10.0,1999,SAL
1063,11.0,Jarno  Trulli ,ITA,Prost Peugeot,7.0,1999,TRU
1064,12.0,Damon  Hill ,GBR,Jordan Mugen Honda,7.0,1999,HIL
1065,13.0,Alexander  Wurz ,AUT,Benetton Playlife,3.0,1999,WUR
1066,14.0,Pedro  Diniz ,BRA,Sauber Petronas,3.0,1999,DIN
1067,15.0,Olivier  Panis ,FRA,Prost Peugeot,2.0,1999,PAN
1068,16.0,Jean  Alesi ,FRA,Sauber Petronas,2.0,1999,ALE
1069,17.0,Pedro  de la Rosa ,ESP,Arrows,1.0,1999,DLR
1070,18.0,Marc  Gene ,ESP,Minardi Ford,1.0,1999,GEN
1071,1.0,Michael  Schumacher ,GER,Ferrari,108.0,2000,MSC
1072,2.0,Mika  Hakkinen ,FIN,McLaren Mercedes,89.0,2000,HAK
1073,3.0,David  Coulthard ,GBR,McLaren Mercedes,73.0,2000,COU
1074,4.0,Rubens  Barrichello ,BRA,Ferrari,62.0,2000,BAR
1075,5.0,Ralf  Schumacher ,GER,Williams BMW,24.0,2000,RSC
1076,6.0,Giancarlo  Fisichella ,ITA,Benetton Playlife,18.0,2000,FIS
1077,7.0,Jacques  Villeneuve ,CAN,BAR Honda,17.0,2000,VIL
1078,8.0,Jenson  Button ,GBR,Williams BMW,12.0,2000,BUT
1079,9.0,Heinz-Harald  Frentzen ,GER,Jordan Mugen Honda,11.0,2000,FRE
1080,10.0,Jarno  Trulli ,ITA,Jordan Mugen Honda,6.0,2000,TRU
1081,11.0,Mika  Salo ,FIN,Sauber Petronas,6.0,2000,SAL
1082,12.0,Jos  Verstappen ,NED,Arrows Supertec,5.0,2000,VER
1083,13.0,Eddie  Irvine ,GBR,Jaguar Cosworth,4.0,2000,IRV
1084,14.0,Ricardo  Zonta ,BRA,BAR Honda,3.0,2000,ZON
1085,15.0,Alexander  Wurz ,AUT,Benetton Playlife,2.0,2000,WUR
1086,16.0,Pedro  de la Rosa ,ESP,Arrows Supertec,2.0,2000,DLR
1087,17.0,Pedro  Diniz ,BRA,Sauber Petronas,0.0,2000,DIN
1088,18.0,Johnny  Herbert ,GBR,Jaguar Cosworth,0.0,2000,HER
1089,19.0,Marc  Gene ,ESP,Minardi Fondmetal,0.0,2000,GEN
1090,20.0,Gaston  Mazzacane ,ARG,Minardi Fondmetal,0.0,2000,MAZ
1091,21.0,Nick  Heidfeld ,GER,Prost Peugeot,0.0,2000,HEI
1092,22.0,Jean  Alesi ,FRA,Prost Peugeot,0.0,2000,ALE
1093,23.0,Luciano  Burti ,BRA,Jaguar Cosworth,0.0,2000,BUR
1094,1.0,Michael  Schumacher ,GER,Ferrari,123.0,2001,MSC
1095,2.0,David  Coulthard ,GBR,McLaren Mercedes,65.0,2001,COU
1096,3.0,Rubens  Barrichello ,BRA,Ferrari,56.0,2001,BAR
1097,4.0,Ralf  Schumacher ,GER,Williams BMW,49.0,2001,RSC
1098,5.0,Mika  Hakkinen ,FIN,McLaren Mercedes,37.0,2001,HAK
1099,6.0,Juan Pablo  Montoya ,COL,Williams BMW,31.0,2001,MOY
1100,7.0,Jacques  Villeneuve ,CAN,BAR Honda,12.0,2001,VIL
1101,8.0,Nick  Heidfeld ,GER,Sauber Petronas,12.0,2001,HEI
1102,9.0,Jarno  Trulli ,ITA,Jordan Honda,12.0,2001,TRU
1103,10.0,Kimi  Rikknen ,FIN,Sauber Petronas,9.0,2001,RAI
1104,11.0,Giancarlo  Fisichella ,ITA,Benetton Renault,8.0,2001,FIS
1105,12.0,Eddie  Irvine ,GBR,Jaguar Cosworth,6.0,2001,IRV
1106,13.0,Heinz-Harald  Frentzen ,GER,Prost Acer,6.0,2001,FRE
1107,14.0,Olivier  Panis ,FRA,BAR Honda,5.0,2001,PAN
1108,15.0,Jean  Alesi ,FRA,Jordan Honda,5.0,2001,ALE
1109,16.0,Pedro  de la Rosa ,ESP,Jaguar Cosworth,3.0,2001,DLR
1110,17.0,Jenson  Button ,GBR,Benetton Renault,2.0,2001,BUT
1111,18.0,Jos  Verstappen ,NED,Arrows Asiatech,1.0,2001,VER
1112,1.0,Michael  Schumacher ,GER,Ferrari,144.0,2002,MSC
1113,2.0,Rubens  Barrichello ,BRA,Ferrari,77.0,2002,BAR
1114,3.0,Juan Pablo  Montoya ,COL,Williams BMW,50.0,2002,MOY
1115,4.0,Ralf  Schumacher ,GER,Williams BMW,42.0,2002,RSC
1116,5.0,David  Coulthard ,GBR,McLaren Mercedes,41.0,2002,COU
1117,6.0,Kimi  Rikknen ,FIN,McLaren Mercedes,24.0,2002,RAI
1118,7.0,Jenson  Button ,GBR,Renault,14.0,2002,BUT
1119,8.0,Jarno  Trulli ,ITA,Renault,9.0,2002,TRU
1120,9.0,Eddie  Irvine ,GBR,Jaguar Cosworth,8.0,2002,IRV
1121,10.0,Nick  Heidfeld ,GER,Sauber Petronas,7.0,2002,HEI
1122,11.0,Giancarlo  Fisichella ,ITA,Jordan Honda,7.0,2002,FIS
1123,12.0,Jacques  Villeneuve ,CAN,BAR Honda,4.0,2002,VIL
1124,13.0,Felipe  Massa ,BRA,Sauber Petronas,4.0,2002,MAS
1125,14.0,Olivier  Panis ,FRA,BAR Honda,3.0,2002,PAN
1126,15.0,Takuma  Sato ,JPN,Jordan Honda,2.0,2002,SAT
1127,16.0,Mark  Webber ,AUS,Minardi Asiatech,2.0,2002,WEB
1128,17.0,Mika  Salo ,FIN,Toyota,2.0,2002,SAL
1129,18.0,Heinz-Harald  Frentzen ,GER,Sauber Petronas,2.0,2002,FRE
1130,19.0,Allan  McNish ,GBR,Toyota,0.0,2002,MCN
1131,20.0,Alex  Yoong ,MAS,Minardi Asiatech,0.0,2002,YOO
1132,21.0,Pedro  de la Rosa ,ESP,Jaguar Cosworth,0.0,2002,DLR
1133,22.0,Enrique  Bernoldi ,BRA,Arrows Cosworth,0.0,2002,BER
1134,1.0,Michael  Schumacher ,GER,Ferrari,93.0,2003,MSC
1135,2.0,Kimi  Rikknen ,FIN,McLaren Mercedes,91.0,2003,RAI
1136,3.0,Juan Pablo  Montoya ,COL,Williams BMW,82.0,2003,MOY
1137,4.0,Rubens  Barrichello ,BRA,Ferrari,65.0,2003,BAR
1138,5.0,Ralf  Schumacher ,GER,Williams BMW,58.0,2003,RSC
1139,6.0,Fernando  Alonso ,ESP,Renault,55.0,2003,ALO
1140,7.0,David  Coulthard ,GBR,McLaren Mercedes,51.0,2003,COU
1141,8.0,Jarno  Trulli ,ITA,Renault,33.0,2003,TRU
1142,9.0,Jenson  Button ,GBR,BAR Honda,17.0,2003,BUT
1143,10.0,Mark  Webber ,AUS,Jaguar Cosworth,17.0,2003,WEB
1144,11.0,Heinz-Harald  Frentzen ,GER,Sauber Petronas,13.0,2003,FRE
1145,12.0,Giancarlo  Fisichella ,ITA,Jordan Ford,12.0,2003,FIS
1146,13.0,Cristiano  da Matta ,BRA,Toyota,10.0,2003,DAM
1147,14.0,Nick  Heidfeld ,GER,Sauber Petronas,6.0,2003,HEI
1148,15.0,Olivier  Panis ,FRA,Toyota,6.0,2003,PAN
1149,16.0,Jacques  Villeneuve ,CAN,BAR Honda,6.0,2003,VIL
1150,17.0,Marc  Gene ,ESP,Williams BMW,4.0,2003,GEN
1151,18.0,Takuma  Sato ,JPN,BAR Honda,3.0,2003,SAT
1152,19.0,Ralph  Firman ,IRL,Jordan Ford,1.0,2003,FIR
1153,20.0,Justin  Wilson ,GBR,Jaguar Cosworth,1.0,2003,WIL
1154,21.0,Antonio  Pizzonia ,BRA,Jaguar Cosworth,0.0,2003,PIZ
1155,22.0,Jos  Verstappen ,NED,Minardi Cosworth,0.0,2003,VER
1156,23.0,Nicolas  Kiesa ,DEN,Minardi Cosworth,0.0,2003,KIE
1157,24.0,Zsolt  Baumgartner ,HUN,Jordan Ford,0.0,2003,BAU
1158,1.0,Michael  Schumacher ,GER,Ferrari,148.0,2004,MSC
1159,2.0,Rubens  Barrichello ,BRA,Ferrari,114.0,2004,BAR
1160,3.0,Jenson  Button ,GBR,BAR Honda,85.0,2004,BUT
1161,4.0,Fernando  Alonso ,ESP,Renault,59.0,2004,ALO
1162,5.0,Juan Pablo  Montoya ,COL,Williams BMW,58.0,2004,MOY
1163,6.0,Jarno  Trulli ,ITA,Toyota,46.0,2004,TRU
1164,7.0,Kimi  Rikknen ,FIN,McLaren Mercedes,45.0,2004,RAI
1165,8.0,Takuma  Sato ,JPN,BAR Honda,34.0,2004,SAT
1166,9.0,Ralf  Schumacher ,GER,Williams BMW,24.0,2004,RSC
1167,10.0,David  Coulthard ,GBR,McLaren Mercedes,24.0,2004,COU
1168,11.0,Giancarlo  Fisichella ,ITA,Sauber Petronas,22.0,2004,FIS
1169,12.0,Felipe  Massa ,BRA,Sauber Petronas,12.0,2004,MAS
1170,13.0,Mark  Webber ,AUS,Jaguar Cosworth,7.0,2004,WEB
1171,14.0,Olivier  Panis ,FRA,Toyota,6.0,2004,PAN
1172,15.0,Antonio  Pizzonia ,BRA,Williams BMW,6.0,2004,PIZ
1173,16.0,Christian  Klien ,AUT,Jaguar Cosworth,3.0,2004,KLI
1174,17.0,Cristiano  da Matta ,BRA,Toyota,3.0,2004,DAM
1175,18.0,Nick  Heidfeld ,GER,Jordan Ford,3.0,2004,HEI
1176,19.0,Timo  Glock ,GER,Jordan Ford,2.0,2004,GLO
1177,20.0,Zsolt  Baumgartner ,HUN,Minardi Cosworth,1.0,2004,BAU
1178,21.0,Jacques  Villeneuve ,CAN,Renault,0.0,2004,VIL
1179,22.0,Ricardo  Zonta ,BRA,Toyota,0.0,2004,ZON
1180,23.0,Marc  Gene ,ESP,Williams BMW,0.0,2004,GEN
1181,24.0,Giorgio  Pantano ,ITA,Jordan Ford,0.0,2004,PAN
1182,25.0,Gianmaria  Bruni ,ITA,Minardi Cosworth,0.0,2004,BRU
1183,1.0,Fernando  Alonso ,ESP,Renault,133.0,2005,ALO
1184,2.0,Kimi  Rikknen ,FIN,McLaren Mercedes,112.0,2005,RAI
1185,3.0,Michael  Schumacher ,GER,Ferrari,62.0,2005,MSC
1186,4.0,Juan Pablo  Montoya ,COL,McLaren Mercedes,60.0,2005,MOY
1187,5.0,Giancarlo  Fisichella ,ITA,Renault,58.0,2005,FIS
1188,6.0,Ralf  Schumacher ,GER,Toyota,45.0,2005,RSC
1189,7.0,Jarno  Trulli ,ITA,Toyota,43.0,2005,TRU
1190,8.0,Rubens  Barrichello ,BRA,Ferrari,38.0,2005,BAR
1191,9.0,Jenson  Button ,GBR,BAR Honda,37.0,2005,BUT
1192,10.0,Mark  Webber ,AUS,Williams BMW,36.0,2005,WEB
1193,11.0,Nick  Heidfeld ,GER,Williams BMW,28.0,2005,HEI
1194,12.0,David  Coulthard ,GBR,RBR Cosworth,24.0,2005,COU
1195,13.0,Felipe  Massa ,BRA,Sauber Petronas,11.0,2005,MAS
1196,14.0,Jacques  Villeneuve ,CAN,Sauber Petronas,9.0,2005,VIL
1197,15.0,Christian  Klien ,AUT,RBR Cosworth,9.0,2005,KLI
1198,16.0,Tiago  Monteiro ,POR,Jordan Toyota,7.0,2005,MON
1199,17.0,Alexander  Wurz ,AUT,McLaren Mercedes,6.0,2005,WUR
1200,18.0,Narain  Karthikeyan ,IND,Jordan Toyota,5.0,2005,KAR
1201,19.0,Christijan  Albers ,NED,Minardi Cosworth,4.0,2005,ALB
1202,20.0,Pedro  de la Rosa ,ESP,McLaren Mercedes,4.0,2005,DLR
1203,21.0,Patrick  Friesacher,AUT,Minardi Cosworth,3.0,2005,FRI
1204,22.0,Antonio  Pizzonia ,BRA,Williams BMW,2.0,2005,PIZ
1205,23.0,Takuma  Sato ,JPN,BAR Honda,1.0,2005,SAT
1206,24.0,Vitantonio  Liuzzi ,ITA,RBR Cosworth,1.0,2005,LIU
1207,25.0,Robert  Doornbos ,MON,Minardi Cosworth,0.0,2005,DOO
1208,1.0,Fernando  Alonso ,ESP,Renault,134.0,2006,ALO
1209,2.0,Michael  Schumacher ,GER,Ferrari,121.0,2006,MSC
1210,3.0,Felipe  Massa ,BRA,Ferrari,80.0,2006,MAS
1211,4.0,Giancarlo  Fisichella ,ITA,Renault,72.0,2006,FIS
1212,5.0,Kimi  Rikknen ,FIN,McLaren Mercedes,65.0,2006,RAI
1213,6.0,Jenson  Button ,GBR,Honda,56.0,2006,BUT
1214,7.0,Rubens  Barrichello ,BRA,Honda,30.0,2006,BAR
1215,8.0,Juan Pablo  Montoya ,COL,McLaren Mercedes,26.0,2006,MOY
1216,9.0,Nick  Heidfeld ,GER,Sauber BMW,23.0,2006,HEI
1217,10.0,Ralf  Schumacher ,GER,Toyota,20.0,2006,RSC
1218,11.0,Pedro  de la Rosa ,ESP,McLaren Mercedes,19.0,2006,DLR
1219,12.0,Jarno  Trulli ,ITA,Toyota,15.0,2006,TRU
1220,13.0,David  Coulthard ,GBR,RBR Ferrari,14.0,2006,COU
1221,14.0,Mark  Webber ,AUS,Williams Cosworth,7.0,2006,WEB
1222,15.0,Jacques  Villeneuve ,CAN,Sauber BMW,7.0,2006,VIL
1223,16.0,Robert  Kubica ,POL,Sauber BMW,6.0,2006,KUB
1224,17.0,Nico  Rosberg ,GER,Williams Cosworth,4.0,2006,ROS
1225,18.0,Christian  Klien ,AUT,RBR Ferrari,2.0,2006,KLI
1226,19.0,Vitantonio  Liuzzi ,ITA,STR Cosworth,1.0,2006,LIU
1227,20.0,Scott  Speed ,USA,STR Cosworth,0.0,2006,SPE
1228,21.0,Tiago  Monteiro ,POR,MF1 Toyota,0.0,2006,MON
1229,22.0,Christijan  Albers ,NED,MF1 Toyota,0.0,2006,ALB
1230,23.0,Takuma  Sato ,JPN,Super Aguri Honda,0.0,2006,SAT
1231,24.0,Robert  Doornbos ,NED,RBR Ferrari,0.0,2006,DOO
1232,25.0,Yuji  Ide ,JPN,Super Aguri Honda,0.0,2006,IDE
1233,26.0,Sakon  Yamamoto ,JPN,Super Aguri Honda,0.0,2006,YAM
1234,27.0,Franck  Montagny ,FRA,Super Aguri Honda,0.0,2006,MON
1235,1.0,Kimi  Rikknen ,FIN,Ferrari,110.0,2007,RAI
1236,2.0,Lewis  Hamilton ,GBR,McLaren Mercedes,109.0,2007,HAM
1237,3.0,Fernando  Alonso ,ESP,McLaren Mercedes,109.0,2007,ALO
1238,4.0,Felipe  Massa ,BRA,Ferrari,94.0,2007,MAS
1239,5.0,Nick  Heidfeld ,GER,Sauber BMW,61.0,2007,HEI
1240,6.0,Robert  Kubica ,POL,Sauber BMW,39.0,2007,KUB
1241,7.0,Heikki  Kovalainen ,FIN,Renault,30.0,2007,KOV
1242,8.0,Giancarlo  Fisichella ,ITA,Renault,21.0,2007,FIS
1243,9.0,Nico  Rosberg ,GER,Williams Toyota,20.0,2007,ROS
1244,10.0,David  Coulthard ,GBR,Red Bull Renault,14.0,2007,COU
1245,11.0,Alexander  Wurz ,AUT,Williams Toyota,13.0,2007,WUR
1246,12.0,Mark  Webber ,AUS,Red Bull Renault,10.0,2007,WEB
1247,13.0,Jarno  Trulli ,ITA,Toyota,8.0,2007,TRU
1248,14.0,Sebastian  Vettel ,GER,STR Ferrari,6.0,2007,VET
1249,15.0,Jenson  Button ,GBR,Honda,6.0,2007,BUT
1250,16.0,Ralf  Schumacher ,GER,Toyota,5.0,2007,RSC
1251,17.0,Takuma  Sato ,JPN,Super Aguri Honda,4.0,2007,SAT
1252,18.0,Vitantonio  Liuzzi ,ITA,STR Ferrari,3.0,2007,LIU
1253,19.0,Adrian  Sutil ,GER,Spyker Ferrari,1.0,2007,SUT
1254,20.0,Rubens  Barrichello ,BRA,Honda,0.0,2007,BAR
1255,21.0,Scott  Speed ,USA,STR Ferrari,0.0,2007,SPE
1256,22.0,Kazuki  Nakajima ,JPN,Williams Toyota,0.0,2007,NAK
1257,23.0,Anthony  Davidson ,GBR,Super Aguri Honda,0.0,2007,DAV
1258,24.0,Sakon  Yamamoto ,JPN,Spyker Ferrari,0.0,2007,YAM
1259,25.0,Christijan  Albers ,NED,Spyker Ferrari,0.0,2007,ALB
1260,1.0,Lewis  Hamilton ,GBR,McLaren Mercedes,98.0,2008,HAM
1261,2.0,Felipe  Massa ,BRA,Ferrari,97.0,2008,MAS
1262,3.0,Kimi  Rikknen ,FIN,Ferrari,75.0,2008,RAI
1263,4.0,Robert  Kubica ,POL,Sauber BMW,75.0,2008,KUB
1264,5.0,Fernando  Alonso ,ESP,Renault,61.0,2008,ALO
1265,6.0,Nick  Heidfeld ,GER,Sauber BMW,60.0,2008,HEI
1266,7.0,Heikki  Kovalainen ,FIN,McLaren Mercedes,53.0,2008,KOV
1267,8.0,Sebastian  Vettel ,GER,STR Ferrari,35.0,2008,VET
1268,9.0,Jarno  Trulli ,ITA,Toyota,31.0,2008,TRU
1269,10.0,Timo  Glock ,GER,Toyota,25.0,2008,GLO
1270,11.0,Mark  Webber ,AUS,Red Bull Renault,21.0,2008,WEB
1271,12.0,Nelson  Piquet ,BRA,Renault,19.0,2008,PIQ
1272,13.0,Nico  Rosberg ,GER,Williams Toyota,17.0,2008,ROS
1273,14.0,Rubens  Barrichello ,BRA,Honda,11.0,2008,BAR
1274,15.0,Kazuki  Nakajima ,JPN,Williams Toyota,9.0,2008,NAK
1275,16.0,David  Coulthard ,GBR,Red Bull Renault,8.0,2008,COU
1276,17.0,Sebastien  Bourdais ,FRA,STR Ferrari,4.0,2008,BOU
1277,18.0,Jenson  Button ,GBR,Honda,3.0,2008,BUT
1278,19.0,Giancarlo  Fisichella ,ITA,Force India Ferrari,0.0,2008,FIS
1279,20.0,Adrian  Sutil ,GER,Force India Ferrari,0.0,2008,SUT
1280,21.0,Takuma  Sato ,JPN,Super Aguri Honda,0.0,2008,SAT
1281,22.0,Anthony  Davidson ,GBR,Super Aguri Honda,0.0,2008,DAV
1282,1.0,Jenson  Button ,GBR,Brawn Mercedes,95.0,2009,BUT
1283,2.0,Sebastian  Vettel ,GER,RBR Renault,84.0,2009,VET
1284,3.0,Rubens  Barrichello ,BRA,Brawn Mercedes,77.0,2009,BAR
1285,4.0,Mark  Webber ,AUS,RBR Renault,69.5,2009,WEB
1286,5.0,Lewis  Hamilton ,GBR,McLaren Mercedes,49.0,2009,HAM
1287,6.0,Kimi  Rikknen ,FIN,Ferrari,48.0,2009,RAI
1288,7.0,Nico  Rosberg ,GER,Williams Toyota,34.5,2009,ROS
1289,8.0,Jarno  Trulli ,ITA,Toyota,32.5,2009,TRU
1290,9.0,Fernando  Alonso ,ESP,Renault,26.0,2009,ALO
1291,10.0,Timo  Glock ,GER,Toyota,24.0,2009,GLO
1292,11.0,Felipe  Massa ,BRA,Ferrari,22.0,2009,MAS
1293,12.0,Heikki  Kovalainen ,FIN,McLaren Mercedes,22.0,2009,KOV
1294,13.0,Nick  Heidfeld ,GER,Sauber BMW,19.0,2009,HEI
1295,14.0,Robert  Kubica ,POL,Sauber BMW,17.0,2009,KUB
1296,15.0,Giancarlo  Fisichella ,ITA,Ferrari,8.0,2009,FIS
1297,16.0,Sebastien  Buemi ,SUI,STR Ferrari,6.0,2009,BUE
1298,17.0,Adrian  Sutil ,GER,Force India Mercedes,5.0,2009,SUT
1299,18.0,Kamui  Kobayashi ,JPN,Toyota,3.0,2009,KOB
1300,19.0,Sebastien  Bourdais ,FRA,STR Ferrari,2.0,2009,BOU
1301,20.0,Kazuki  Nakajima ,JPN,Williams Toyota,0.0,2009,NAK
1302,21.0,Nelson  Piquet ,BRA,Renault,0.0,2009,PIQ
1303,22.0,Vitantonio  Liuzzi ,ITA,Force India Mercedes,0.0,2009,LIU
1304,23.0,Romain  Grosjean ,FRA,Renault,0.0,2009,GRO
1305,24.0,Jaime  Alguersuari ,ESP,STR Ferrari,0.0,2009,ALG
1306,25.0,Luca  Badoer ,ITA,Ferrari,0.0,2009,BAD
1307,1.0,Sebastian  Vettel ,GER,RBR Renault,256.0,2010,VET
1308,2.0,Fernando  Alonso ,ESP,Ferrari,252.0,2010,ALO
1309,3.0,Mark  Webber ,AUS,RBR Renault,242.0,2010,WEB
1310,4.0,Lewis  Hamilton ,GBR,McLaren Mercedes,240.0,2010,HAM
1311,5.0,Jenson  Button ,GBR,McLaren Mercedes,214.0,2010,BUT
1312,6.0,Felipe  Massa ,BRA,Ferrari,144.0,2010,MAS
1313,7.0,Nico  Rosberg ,GER,Mercedes,142.0,2010,ROS
1314,8.0,Robert  Kubica ,POL,Renault,136.0,2010,KUB
1315,9.0,Michael  Schumacher ,GER,Mercedes,72.0,2010,MSC
1316,10.0,Rubens  Barrichello ,BRA,Williams Cosworth,47.0,2010,BAR
1317,11.0,Adrian  Sutil ,GER,Force India Mercedes,47.0,2010,SUT
1318,12.0,Kamui  Kobayashi ,JPN,Sauber Ferrari,32.0,2010,KOB
1319,13.0,Vitaly  Petrov ,RUS,Renault,27.0,2010,PET
1320,14.0,Nico  Hulkenberg ,GER,Williams Cosworth,22.0,2010,HUL
1321,15.0,Vitantonio  Liuzzi ,ITA,Force India Mercedes,21.0,2010,LIU
1322,16.0,Sebastien  Buemi ,SUI,STR Ferrari,8.0,2010,BUE
1323,17.0,Pedro  de la Rosa ,ESP,Sauber Ferrari,6.0,2010,DLR
1324,18.0,Nick  Heidfeld ,GER,Sauber Ferrari,6.0,2010,HEI
1325,19.0,Jaime  Alguersuari ,ESP,STR Ferrari,5.0,2010,ALG
1326,20.0,Heikki  Kovalainen ,FIN,Lotus Cosworth,0.0,2010,KOV
1327,21.0,Jarno  Trulli ,ITA,Lotus Cosworth,0.0,2010,TRU
1328,22.0,Karun  Chandhok ,IND,HRT Cosworth,0.0,2010,CHD
1329,23.0,Bruno  Senna ,BRA,HRT Cosworth,0.0,2010,SEN
1330,24.0,Lucas  di Grassi ,BRA,Virgin Cosworth,0.0,2010,DIG
1331,25.0,Timo  Glock ,GER,Virgin Cosworth,0.0,2010,GLO
1332,26.0,Sakon  Yamamoto ,JPN,HRT Cosworth,0.0,2010,YAM
1333,27.0,Christian  Klien ,AUT,HRT Cosworth,0.0,2010,KLI
1334,1.0,Sebastian  Vettel ,GER,Red Bull Racing Renault,392.0,2011,VET
1335,2.0,Jenson  Button ,GBR,McLaren Mercedes,270.0,2011,BUT
1336,3.0,Mark  Webber ,AUS,Red Bull Racing Renault,258.0,2011,WEB
1337,4.0,Fernando  Alonso ,ESP,Ferrari,257.0,2011,ALO
1338,5.0,Lewis  Hamilton ,GBR,McLaren Mercedes,227.0,2011,HAM
1339,6.0,Felipe  Massa ,BRA,Ferrari,118.0,2011,MAS
1340,7.0,Nico  Rosberg ,GER,Mercedes,89.0,2011,ROS
1341,8.0,Michael  Schumacher ,GER,Mercedes,76.0,2011,MSC
1342,9.0,Adrian  Sutil ,GER,Force India Mercedes,42.0,2011,SUT
1343,10.0,Vitaly  Petrov ,RUS,Renault,37.0,2011,PET
1344,11.0,Nick  Heidfeld ,GER,Renault,34.0,2011,HEI
1345,12.0,Kamui  Kobayashi ,JPN,Sauber Ferrari,30.0,2011,KOB
1346,13.0,Paul  di Resta ,GBR,Force India Mercedes,27.0,2011,DIR
1347,14.0,Jaime  Alguersuari ,ESP,STR Ferrari,26.0,2011,ALG
1348,15.0,Sebastien  Buemi ,SUI,STR Ferrari,15.0,2011,BUE
1349,16.0,Sergio  Perez ,MEX,Sauber Ferrari,14.0,2011,PER
1350,17.0,Rubens  Barrichello ,BRA,Williams Cosworth,4.0,2011,BAR
1351,18.0,Bruno  Senna ,BRA,Renault,2.0,2011,SEN
1352,19.0,Pastor  Maldonado ,VEN,Williams Cosworth,1.0,2011,MAL
1353,20.0,Pedro  de la Rosa ,ESP,Sauber Ferrari,0.0,2011,DLR
1354,21.0,Jarno  Trulli ,ITA,Lotus Renault,0.0,2011,TRU
1355,22.0,Heikki  Kovalainen ,FIN,Lotus Renault,0.0,2011,KOV
1356,23.0,Vitantonio  Liuzzi ,ITA,HRT Cosworth,0.0,2011,LIU
1357,24.0,Jerome  d'Ambrosio ,BEL,Virgin Cosworth,0.0,2011,DAM
1358,25.0,Timo  Glock ,GER,Virgin Cosworth,0.0,2011,GLO
1359,26.0,Narain  Karthikeyan ,IND,HRT Cosworth,0.0,2011,KAR
1360,27.0,Daniel  Ricciardo ,AUS,HRT Cosworth,0.0,2011,RIC
1361,28.0,Karun  Chandhok ,IND,Lotus Renault,0.0,2011,CHD
1362,1.0,Sebastian  Vettel ,GER,Red Bull Racing Renault,281.0,2012,VET
1363,2.0,Fernando  Alonso ,ESP,Ferrari,278.0,2012,ALO
1364,3.0,Kimi  Rikknen ,FIN,Lotus Renault,207.0,2012,RAI
1365,4.0,Lewis  Hamilton ,GBR,McLaren Mercedes,190.0,2012,HAM
1366,5.0,Jenson  Button ,GBR,McLaren Mercedes,188.0,2012,BUT
1367,6.0,Mark  Webber ,AUS,Red Bull Racing Renault,179.0,2012,WEB
1368,7.0,Felipe  Massa ,BRA,Ferrari,122.0,2012,MAS
1369,8.0,Romain  Grosjean ,FRA,Lotus Renault,96.0,2012,GRO
1370,9.0,Nico  Rosberg ,GER,Mercedes,93.0,2012,ROS
1371,10.0,Sergio  Perez ,MEX,Sauber Ferrari,66.0,2012,PER
1372,11.0,Nico  Hulkenberg ,GER,Force India Mercedes,63.0,2012,HUL
1373,12.0,Kamui  Kobayashi ,JPN,Sauber Ferrari,60.0,2012,KOB
1374,13.0,Michael  Schumacher ,GER,Mercedes,49.0,2012,MSC
1375,14.0,Paul  di Resta ,GBR,Force India Mercedes,46.0,2012,DIR
1376,15.0,Pastor  Maldonado ,VEN,Williams Renault,45.0,2012,MAL
1377,16.0,Bruno  Senna ,BRA,Williams Renault,31.0,2012,SEN
1378,17.0,Jean-Eric  Vergne ,FRA,STR Ferrari,16.0,2012,VER
1379,18.0,Daniel  Ricciardo ,AUS,STR Ferrari,10.0,2012,RIC
1380,19.0,Vitaly  Petrov ,RUS,Caterham Renault,0.0,2012,PET
1381,20.0,Timo  Glock ,GER,Marussia Cosworth,0.0,2012,GLO
1382,21.0,Charles  Pic ,FRA,Marussia Cosworth,0.0,2012,PIC
1383,22.0,Heikki  Kovalainen ,FIN,Caterham Renault,0.0,2012,KOV
1384,23.0,Jerome  d'Ambrosio ,BEL,Lotus Renault,0.0,2012,DAM
1385,24.0,Narain  Karthikeyan ,IND,HRT Cosworth,0.0,2012,KAR
1386,25.0,Pedro  de la Rosa ,ESP,HRT Cosworth,0.0,2012,DLR
1387,1.0,Sebastian  Vettel ,GER,Red Bull Racing Renault,397.0,2013,VET
1388,2.0,Fernando  Alonso ,ESP,Ferrari,242.0,2013,ALO
1389,3.0,Mark  Webber ,AUS,Red Bull Racing Renault,199.0,2013,WEB
1390,4.0,Lewis  Hamilton ,GBR,Mercedes,189.0,2013,HAM
1391,5.0,Kimi  Rikknen ,FIN,Lotus Renault,183.0,2013,RAI
1392,6.0,Nico  Rosberg ,GER,Mercedes,171.0,2013,ROS
1393,7.0,Romain  Grosjean ,FRA,Lotus Renault,132.0,2013,GRO
1394,8.0,Felipe  Massa ,BRA,Ferrari,112.0,2013,MAS
1395,9.0,Jenson  Button ,GBR,McLaren Mercedes,73.0,2013,BUT
1396,10.0,Nico  Hulkenberg ,GER,Sauber Ferrari,51.0,2013,HUL
1397,11.0,Sergio  Perez ,MEX,McLaren Mercedes,49.0,2013,PER
1398,12.0,Paul  di Resta ,GBR,Force India Mercedes,48.0,2013,DIR
1399,13.0,Adrian  Sutil ,GER,Force India Mercedes,29.0,2013,SUT
1400,14.0,Daniel  Ricciardo ,AUS,STR Ferrari,20.0,2013,RIC
1401,15.0,Jean-Eric  Vergne ,FRA,STR Ferrari,13.0,2013,VER
1402,16.0,Esteban  Gutierrez,MEX,Sauber Ferrari,6.0,2013,GUT
1403,17.0,Valtteri Bottas ,FIN,Williams Renault,4.0,2013,BOT
1404,18.0,Pastor  Maldonado ,VEN,Williams Renault,1.0,2013,MAL
1405,19.0,Jules  Bianchi ,FRA,Marussia Cosworth,0.0,2013,BIA
1406,20.0,Charles  Pic ,FRA,Caterham Renault,0.0,2013,PIC
1407,21.0,Heikki  Kovalainen ,FIN,Lotus Renault,0.0,2013,KOV
1408,22.0,Giedo  van der Garde ,NED,Caterham Renault,0.0,2013,VDG
1409,23.0,Max  Chilton ,GBR,Marussia Cosworth,0.0,2013,CHI
1410,1.0,Lewis  Hamilton ,GBR,Mercedes,384.0,2014,HAM
1411,2.0,Nico  Rosberg ,GER,Mercedes,317.0,2014,ROS
1412,3.0,Daniel  Ricciardo ,AUS,Red Bull Racing Renault,238.0,2014,RIC
1413,4.0,Valtteri Bottas ,FIN,Williams Mercedes,186.0,2014,BOT
1414,5.0,Sebastian  Vettel ,GER,Red Bull Racing Renault,167.0,2014,VET
1415,6.0,Fernando  Alonso ,ESP,Ferrari,161.0,2014,ALO
1416,7.0,Felipe  Massa ,BRA,Williams Mercedes,134.0,2014,MAS
1417,8.0,Jenson  Button ,GBR,McLaren Mercedes,126.0,2014,BUT
1418,9.0,Nico  Hulkenberg ,GER,Force India Mercedes,96.0,2014,HUL
1419,10.0,Sergio  Perez ,MEX,Force India Mercedes,59.0,2014,PER
1420,11.0,Kevin  Magnussen ,DEN,McLaren Mercedes,55.0,2014,MAG
1421,12.0,Kimi  Rikknen ,FIN,Ferrari,55.0,2014,RAI
1422,13.0,Jean-Eric  Vergne ,FRA,STR Renault,22.0,2014,VER
1423,14.0,Romain  Grosjean ,FRA,Lotus Renault,8.0,2014,GRO
1424,15.0,Daniil  Kvyat ,RUS,STR Renault,8.0,2014,KVY
1425,16.0,Pastor  Maldonado ,VEN,Lotus Renault,2.0,2014,MAL
1426,17.0,Jules  Bianchi ,FRA,Marussia Ferrari,2.0,2014,BIA
1427,18.0,Adrian  Sutil ,GER,Sauber Ferrari,0.0,2014,SUT
1428,19.0,Marcus  Ericsson ,SWE,Caterham Renault,0.0,2014,ERI
1429,20.0,Esteban  Gutierrez,MEX,Sauber Ferrari,0.0,2014,GUT
1430,21.0,Max  Chilton ,GBR,Marussia Ferrari,0.0,2014,CHI
1431,22.0,Kamui  Kobayashi ,JPN,Caterham Renault,0.0,2014,KOB
1432,23.0,Will  Stevens ,GBR,Caterham Renault,0.0,2014,STE
1433,1.0,Lewis  Hamilton ,GBR,Mercedes,381.0,2015,HAM
1434,2.0,Nico  Rosberg ,GER,Mercedes,322.0,2015,ROS
1435,3.0,Sebastian  Vettel ,GER,Ferrari,278.0,2015,VET
1436,4.0,Kimi  Rikknen ,FIN,Ferrari,150.0,2015,RAI
1437,5.0,Valtteri Bottas ,FIN,Williams Mercedes,136.0,2015,BOT
1438,6.0,Felipe  Massa ,BRA,Williams Mercedes,121.0,2015,MAS
1439,7.0,Daniil  Kvyat ,RUS,Red Bull Racing Renault,95.0,2015,KVY
1440,8.0,Daniel  Ricciardo ,AUS,Red Bull Racing Renault,92.0,2015,RIC
1441,9.0,Sergio  Perez ,MEX,Force India Mercedes,78.0,2015,PER
1442,10.0,Nico  Hulkenberg ,GER,Force India Mercedes,58.0,2015,HUL
1443,11.0,Romain  Grosjean ,FRA,Lotus Mercedes,51.0,2015,GRO
1444,12.0,Max  Verstappen ,NED,STR Renault,49.0,2015,VES
1445,13.0,Felipe  Nasr ,BRA,Sauber Ferrari,27.0,2015,NAS
1446,14.0,Pastor  Maldonado ,VEN,Lotus Mercedes,27.0,2015,MAL
1447,15.0,Carlos  Sainz ,ESP,STR Renault,18.0,2015,SAI
1448,16.0,Jenson  Button ,GBR,McLaren Honda,16.0,2015,BUT
1449,17.0,Fernando  Alonso ,ESP,McLaren Honda,11.0,2015,ALO
1450,18.0,Marcus  Ericsson ,SWE,Sauber Ferrari,9.0,2015,ERI
1451,19.0,Roberto  Merhi ,ESP,Marussia Ferrari,0.0,2015,MER
1452,20.0,Alexander  Rossi ,USA,Marussia Ferrari,0.0,2015,RSI
1453,21.0,Will  Stevens ,GBR,Marussia Ferrari,0.0,2015,STE
1454,1.0,Nico  Rosberg ,GER,Mercedes,385.0,2016,ROS
1455,2.0,Lewis  Hamilton ,GBR,Mercedes,380.0,2016,HAM
1456,3.0,Daniel  Ricciardo ,AUS,Red Bull Racing TAG Heuer,256.0,2016,RIC
1457,4.0,Sebastian  Vettel ,GER,Ferrari,212.0,2016,VET
1458,5.0,Max  Verstappen ,NED,Red Bull Racing TAG Heuer,204.0,2016,VES
1459,6.0,Kimi  Rikknen ,FIN,Ferrari,186.0,2016,RAI
1460,7.0,Sergio  Perez ,MEX,Force India Mercedes,101.0,2016,PER
1461,8.0,Valtteri Bottas ,FIN,Williams Mercedes,85.0,2016,BOT
1462,9.0,Nico  Hulkenberg ,GER,Force India Mercedes,72.0,2016,HUL
1463,10.0,Fernando  Alonso ,ESP,McLaren Honda,54.0,2016,ALO
1464,11.0,Felipe  Massa ,BRA,Williams Mercedes,53.0,2016,MAS
1465,12.0,Carlos  Sainz ,ESP,Toro Rosso Ferrari,46.0,2016,SAI
1466,13.0,Romain  Grosjean ,FRA,Haas Ferrari,29.0,2016,GRO
1467,14.0,Daniil  Kvyat ,RUS,Toro Rosso Ferrari,25.0,2016,KVY
1468,15.0,Jenson  Button ,GBR,McLaren Honda,21.0,2016,BUT
1469,16.0,Kevin  Magnussen ,DEN,Renault,7.0,2016,MAG
1470,17.0,Felipe  Nasr ,BRA,Sauber Ferrari,2.0,2016,NAS
1471,18.0,Jolyon  Palmer ,GBR,Renault,1.0,2016,PAL
1472,19.0,Pascal  Wehrlein ,GER,MRT Mercedes,1.0,2016,WEH
1473,20.0,Stoffel  Vandoorne ,BEL,McLaren Honda,1.0,2016,VAN
1474,21.0,Esteban  Gutierrez,MEX,Haas Ferrari,0.0,2016,GUT
1475,22.0,Marcus  Ericsson ,SWE,Sauber Ferrari,0.0,2016,ERI
1476,23.0,Esteban  Ocon ,FRA,MRT Mercedes,0.0,2016,OCO
1477,24.0,Rio  Haryanto ,INA,MRT Mercedes,0.0,2016,HAR
1478,1.0,Lewis  Hamilton ,GBR,Mercedes,363.0,2017,HAM
1479,2.0,Sebastian  Vettel ,GER,Ferrari,317.0,2017,VET
1480,3.0,Valtteri Bottas ,FIN,Mercedes,305.0,2017,BOT
1481,4.0,Kimi  Rikknen ,FIN,Ferrari,205.0,2017,RAI
1482,5.0,Daniel  Ricciardo ,AUS,Red Bull Racing TAG Heuer,200.0,2017,RIC
1483,6.0,Max  Verstappen ,NED,Red Bull Racing TAG Heuer,168.0,2017,VER
1484,7.0,Sergio  Perez ,MEX,Force India Mercedes,100.0,2017,PER
1485,8.0,Esteban  Ocon ,FRA,Force India Mercedes,87.0,2017,OCO
1486,9.0,Carlos  Sainz ,ESP,Renault,54.0,2017,SAI
1487,10.0,Nico  Hulkenberg ,GER,Renault,43.0,2017,HUL
1488,11.0,Felipe  Massa ,BRA,Williams Mercedes,43.0,2017,MAS
1489,12.0,Lance  Stroll ,CAN,Williams Mercedes,40.0,2017,STR
1490,13.0,Romain  Grosjean ,FRA,Haas Ferrari,28.0,2017,GRO
1491,14.0,Kevin  Magnussen ,DEN,Haas Ferrari,19.0,2017,MAG
1492,15.0,Fernando  Alonso ,ESP,McLaren Honda,17.0,2017,ALO
1493,16.0,Stoffel  Vandoorne ,BEL,McLaren Honda,13.0,2017,VAN
1494,17.0,Jolyon  Palmer ,GBR,Renault,8.0,2017,PAL
1495,18.0,Pascal  Wehrlein ,GER,Sauber Ferrari,5.0,2017,WEH
1496,19.0,Daniil  Kvyat ,RUS,Toro Rosso,5.0,2017,KVY
1497,20.0,Marcus  Ericsson ,SWE,Sauber Ferrari,0.0,2017,ERI
1498,21.0,Pierre  Gasly ,FRA,Toro Rosso,0.0,2017,GAS
1499,22.0,Antonio  Giovinazzi ,ITA,Sauber Ferrari,0.0,2017,GIO
1500,23.0,Brendon  Hartley ,NZL,Toro Rosso,0.0,2017,HAR
1501,1.0,Lewis  Hamilton ,GBR,Mercedes,408.0,2018,HAM
1502,2.0,Sebastian  Vettel ,GER,Ferrari,320.0,2018,VET
1503,3.0,Kimi  Rikknen ,FIN,Ferrari,251.0,2018,RAI
1504,4.0,Max  Verstappen ,NED,Red Bull Racing TAG Heuer,249.0,2018,VER
1505,5.0,Valtteri  Bottas ,FIN,Mercedes,247.0,2018,BOT
1506,6.0,Daniel  Ricciardo ,AUS,Red Bull Racing TAG Heuer,170.0,2018,RIC
1507,7.0,Nico  Hulkenberg ,GER,Renault,69.0,2018,HUL
1508,8.0,Sergio  Perez ,MEX,Force India Mercedes,62.0,2018,PER
1509,9.0,Kevin  Magnussen ,DEN,Haas Ferrari,56.0,2018,MAG
1510,10.0,Carlos  Sainz ,ESP,Renault,53.0,2018,SAI
1511,11.0,Fernando  Alonso ,ESP,McLaren Renault,50.0,2018,ALO
1512,12.0,Esteban  Ocon ,FRA,Force India Mercedes,49.0,2018,OCO
1513,13.0,Charles  Leclerc ,MON,Sauber Ferrari,39.0,2018,LEC
1514,14.0,Romain  Grosjean ,FRA,Haas Ferrari,37.0,2018,GRO
1515,15.0,Pierre  Gasly ,FRA,Scuderia Toro Rosso Honda,29.0,2018,GAS
1516,16.0,Stoffel  Vandoorne ,BEL,McLaren Renault,12.0,2018,VAN
1517,17.0,Marcus  Ericsson ,SWE,Sauber Ferrari,9.0,2018,ERI
1518,18.0,Lance  Stroll ,CAN,Williams Mercedes,6.0,2018,STR
1519,19.0,Brendon  Hartley ,NZL,Scuderia Toro Rosso Honda,4.0,2018,HAR
1520,20.0,Sergey  Sirotkin ,RUS,Williams Mercedes,1.0,2018,SIR
1521,1.0,Lewis  Hamilton ,GBR,Mercedes,413.0,2019,HAM
1522,2.0,Valtteri  Bottas ,FIN,Mercedes,326.0,2019,BOT
1523,3.0,Max  Verstappen ,NED,Red Bull Racing Honda,278.0,2019,VER
1524,4.0,Charles  Leclerc ,MON,Ferrari,264.0,2019,LEC
1525,5.0,Sebastian  Vettel ,GER,Ferrari,240.0,2019,VET
1526,6.0,Carlos  Sainz ,ESP,McLaren Renault,96.0,2019,SAI
1527,7.0,Pierre  Gasly ,FRA,Scuderia Toro Rosso Honda,95.0,2019,GAS
1528,8.0,Alexander  Albon ,THA,Red Bull Racing Honda,92.0,2019,ALB
1529,9.0,Daniel  Ricciardo ,AUS,Renault,54.0,2019,RIC
1530,10.0,Sergio  Perez ,MEX,Racing Point BWT Mercedes,52.0,2019,PER
1531,11.0,Lando  Norris ,GBR,McLaren Renault,49.0,2019,NOR
1532,12.0,Kimi  Rikknen ,FIN,Alfa Romeo Racing Ferrari,43.0,2019,RAI
1533,13.0,Daniil  Kvyat ,RUS,Scuderia Toro Rosso Honda,37.0,2019,KVY
1534,14.0,Nico  Hulkenberg ,GER,Renault,37.0,2019,HUL
1535,15.0,Lance  Stroll ,CAN,Racing Point BWT Mercedes,21.0,2019,STR
1536,16.0,Kevin  Magnussen ,DEN,Haas Ferrari,20.0,2019,MAG
1537,17.0,Antonio  Giovinazzi ,ITA,Alfa Romeo Racing Ferrari,14.0,2019,GIO
1538,18.0,Romain  Grosjean ,FRA,Haas Ferrari,8.0,2019,GRO
1539,19.0,Robert  Kubica ,POL,Williams Mercedes,1.0,2019,KUB
1540,20.0,George  Russell ,GBR,Williams Mercedes,0.0,2019,RUS
1541,1.0,Lewis  Hamilton ,GBR,Mercedes,347.0,2020,HAM
1542,2.0,Valtteri  Bottas ,FIN,Mercedes,223.0,2020,BOT
1543,3.0,Max  Verstappen ,NED,Red Bull Racing Honda,214.0,2020,VER
1544,4.0,Sergio  Perez ,MEX,Racing Point BWT Mercedes,125.0,2020,PER
1545,5.0,Daniel  Ricciardo ,AUS,Renault,119.0,2020,RIC
1546,6.0,Carlos  Sainz ,ESP,McLaren Renault,105.0,2020,SAI
1547,7.0,Alexander  Albon ,THA,Red Bull Racing Honda,105.0,2020,ALB
1548,8.0,Charles  Leclerc ,MON,Ferrari,98.0,2020,LEC
1549,9.0,Lando  Norris ,GBR,McLaren Renault,97.0,2020,NOR
1550,10.0,Pierre  Gasly ,FRA,AlphaTauri Honda,75.0,2020,GAS
1551,11.0,Lance  Stroll ,CAN,Racing Point BWT Mercedes,75.0,2020,STR
1552,12.0,Esteban  Ocon ,FRA,Renault,62.0,2020,OCO
1553,13.0,Sebastian  Vettel ,GER,Ferrari,33.0,2020,VET
1554,14.0,Daniil  Kvyat ,RUS,AlphaTauri Honda,32.0,2020,KVY
1555,15.0,Nico  Hulkenberg ,GER,Racing Point BWT Mercedes,10.0,2020,HUL
1556,16.0,Kimi  Rikknen ,FIN,Alfa Romeo Racing Ferrari,4.0,2020,RAI
1557,17.0,Antonio  Giovinazzi ,ITA,Alfa Romeo Racing Ferrari,4.0,2020,GIO
1558,18.0,George  Russell ,GBR,Williams Mercedes,3.0,2020,RUS
1559,19.0,Romain  Grosjean ,FRA,Haas Ferrari,2.0,2020,GRO
1560,20.0,Kevin  Magnussen ,DEN,Haas Ferrari,1.0,2020,MAG
1561,21.0,Nicholas  Latifi ,CAN,Williams Mercedes,0.0,2020,LAT
1562,22.0,Jack  Aitken ,GBR,Williams Mercedes,0.0,2020,AIT
1563,23.0,Pietro  Fittipaldi ,BRA,Haas Ferrari,0.0,2020,FIT
1564,1.0,Max  Verstappen ,NED,Red Bull Racing Honda,395.5,2021,VER
1565,2.0,Lewis  Hamilton ,GBR,Mercedes,387.5,2021,HAM
1566,3.0,Valtteri  Bottas ,FIN,Mercedes,226.0,2021,BOT
1567,4.0,Sergio  Perez ,MEX,Red Bull Racing Honda,190.0,2021,PER
1568,5.0,Carlos  Sainz ,ESP,Ferrari,164.5,2021,SAI
1569,6.0,Lando  Norris ,GBR,McLaren Mercedes,160.0,2021,NOR
1570,7.0,Charles  Leclerc ,MON,Ferrari,159.0,2021,LEC
1571,8.0,Daniel  Ricciardo ,AUS,McLaren Mercedes,115.0,2021,RIC
1572,9.0,Pierre  Gasly ,FRA,AlphaTauri Honda,110.0,2021,GAS
1573,10.0,Fernando  Alonso ,ESP,Alpine Renault,81.0,2021,ALO
1574,11.0,Esteban  Ocon ,FRA,Alpine Renault,74.0,2021,OCO
1575,12.0,Sebastian  Vettel ,GER,Aston Martin Mercedes,43.0,2021,VET
1576,13.0,Lance  Stroll ,CAN,Aston Martin Mercedes,34.0,2021,STR
1577,14.0,Yuki  Tsunoda ,JPN,AlphaTauri Honda,32.0,2021,TSU
1578,15.0,George  Russell ,GBR,Williams Mercedes,16.0,2021,RUS
1579,16.0,Kimi  Rikknen ,FIN,Alfa Romeo Racing Ferrari,10.0,2021,RAI
1580,17.0,Nicholas  Latifi ,CAN,Williams Mercedes,7.0,2021,LAT
1581,18.0,Antonio  Giovinazzi ,ITA,Alfa Romeo Racing Ferrari,3.0,2021,GIO
1582,19.0,Mick  Schumacher ,GER,Haas Ferrari,0.0,2021,MSC
1583,20.0,Robert  Kubica ,POL,Alfa Romeo Racing Ferrari,0.0,2021,KUB
1584,21.0,Nikita  Mazepin ,RAF,Haas Ferrari,0.0,2021,MAZ
1585,1.0,Max  Verstappen ,NED,Red Bull Racing RBPT,454.0,2022,VER
1586,2.0,Charles  Leclerc ,MON,Ferrari,308.0,2022,LEC
1587,3.0,Sergio  Perez ,MEX,Red Bull Racing RBPT,305.0,2022,PER
1588,4.0,George  Russell ,GBR,Mercedes,275.0,2022,RUS
1589,5.0,Carlos  Sainz ,ESP,Ferrari,246.0,2022,SAI
1590,6.0,Lewis  Hamilton ,GBR,Mercedes,240.0,2022,HAM
1591,7.0,Lando  Norris ,GBR,McLaren Mercedes,122.0,2022,NOR
1592,8.0,Esteban  Ocon ,FRA,Alpine Renault,92.0,2022,OCO
1593,9.0,Fernando  Alonso ,ESP,Alpine Renault,81.0,2022,ALO
1594,10.0,Valtteri  Bottas ,FIN,Alfa Romeo Ferrari,49.0,2022,BOT
1595,11.0,Daniel  Ricciardo ,AUS,McLaren Mercedes,37.0,2022,RIC
1596,12.0,Sebastian  Vettel ,GER,Aston Martin Aramco Mercedes,37.0,2022,VET
1597,13.0,Kevin  Magnussen ,DEN,Haas Ferrari,25.0,2022,MAG
1598,14.0,Pierre  Gasly ,FRA,AlphaTauri RBPT,23.0,2022,GAS
1599,15.0,Lance  Stroll ,CAN,Aston Martin Aramco Mercedes,18.0,2022,STR
1600,16.0,Mick  Schumacher ,GER,Haas Ferrari,12.0,2022,MSC
1601,17.0,Yuki  Tsunoda ,JPN,AlphaTauri RBPT,12.0,2022,TSU
1602,18.0,Zhou  Guanyu ,CHN,Alfa Romeo Ferrari,6.0,2022,ZHO
1603,19.0,Alexander  Albon ,THA,Williams Mercedes,4.0,2022,ALB
1604,20.0,Nicholas  Latifi ,CAN,Williams Mercedes,2.0,2022,LAT
1605,21.0,Nyck  De Vries ,NED,Williams Mercedes,2.0,2022,DEV
1606,22.0,Nico  Hulkenberg ,GER,Aston Martin Aramco Mercedes,0.0,2022,HUL
1607,1.0,Max  Verstappen ,NED,Red Bull Racing Honda RBPT,575.0,2023,VER
1608,2.0,Sergio  Perez ,MEX,Red Bull Racing Honda RBPT,285.0,2023,PER
1609,3.0,Lewis  Hamilton ,GBR,Mercedes,234.0,2023,HAM
1610,4.0,Fernando  Alonso ,ESP,Aston Martin Aramco Mercedes,206.0,2023,ALO
1611,5.0,Charles  Leclerc ,MON,Ferrari,206.0,2023,LEC
1612,6.0,Lando  Norris ,GBR,McLaren Mercedes,205.0,2023,NOR
1613,7.0,Carlos  Sainz ,ESP,Ferrari,200.0,2023,SAI
1614,8.0,George  Russell ,GBR,Mercedes,175.0,2023,RUS
1615,9.0,Oscar  Piastri ,AUS,McLaren Mercedes,97.0,2023,PIA
1616,10.0,Lance  Stroll ,CAN,Aston Martin Aramco Mercedes,74.0,2023,STR
1617,11.0,Pierre  Gasly ,FRA,Alpine Renault,62.0,2023,GAS
1618,12.0,Esteban  Ocon ,FRA,Alpine Renault,58.0,2023,OCO
1619,13.0,Alexander  Albon ,THA,Williams Mercedes,27.0,2023,ALB
1620,14.0,Yuki  Tsunoda ,JPN,AlphaTauri Honda RBPT,17.0,2023,TSU
1621,15.0,Valtteri  Bottas ,FIN,Alfa Romeo Ferrari,10.0,2023,BOT
1622,16.0,Nico  Hulkenberg ,GER,Haas Ferrari,9.0,2023,HUL
1623,17.0,Daniel  Ricciardo ,AUS,AlphaTauri Honda RBPT,6.0,2023,RIC
1624,18.0,Zhou  Guanyu ,CHN,Alfa Romeo Ferrari,6.0,2023,ZHO
1625,19.0,Kevin  Magnussen ,DEN,Haas Ferrari,3.0,2023,MAG
1626,20.0,Liam  Lawson ,NZL,AlphaTauri Honda RBPT,2.0,2023,LAW
1627,21.0,Logan  Sargeant ,USA,Williams Mercedes,1.0,2023,SAR
1628,22.0,Nyck  De Vries ,NED,AlphaTauri Honda RBPT,0.0,2023,DEV
1629,1.0,Max  Verstappen ,NED,Red Bull Racing Honda RBPT,169.0,2024,VER
1630,2.0,Charles  Leclerc ,MON,Ferrari,138.0,2024,LEC
1631,3.0,Lando  Norris ,GBR,McLaren Mercedes,113.0,2024,NOR
1632,4.0,Carlos  Sainz ,ESP,Ferrari,108.0,2024,SAI
1633,5.0,Sergio  Perez ,MEX,Red Bull Racing Honda RBPT,107.0,2024,PER
1634,6.0,Oscar  Piastri ,AUS,McLaren Mercedes,71.0,2024,PIA
1635,7.0,George  Russell ,GBR,Mercedes,54.0,2024,RUS
1636,8.0,Lewis  Hamilton ,GBR,Mercedes,42.0,2024,HAM
1637,9.0,Fernando  Alonso ,ESP,Aston Martin Aramco Mercedes,33.0,2024,ALO
1638,10.0,Yuki  Tsunoda ,JPN,RB Honda RBPT,19.0,2024,TSU
1639,11.0,Lance  Stroll ,CAN,Aston Martin Aramco Mercedes,11.0,2024,STR
1640,12.0,Oliver  Bearman ,GBR,Ferrari,6.0,2024,BEA
1641,13.0,Nico  Hulkenberg ,GER,Haas Ferrari,6.0,2024,HUL
1642,14.0,Daniel  Ricciardo ,AUS,RB Honda RBPT,5.0,2024,RIC
1643,15.0,Alexander  Albon ,THA,Williams Mercedes,2.0,2024,ALB
1644,16.0,Esteban  Ocon ,FRA,Alpine Renault,1.0,2024,OCO
1645,17.0,Kevin  Magnussen ,DEN,Haas Ferrari,1.0,2024,MAG
1646,18.0,Pierre  Gasly ,FRA,Alpine Renault,1.0,2024,GAS
1647,19.0,Zhou  Guanyu ,CHN,Kick Sauber Ferrari,0.0,2024,ZHO
1648,20.0,Valtteri  Bottas ,FIN,Kick Sauber Ferrari,0.0,2024,BOT
1649,21.0,Logan  Sargeant ,USA,Williams Mercedes,0.0,2024,SAR
