,Grand Prix,Date,Winner,Car,Laps,Time,Name Code,Total_Seconds
0,Great Britain,1950-05-13,Nino  Farina ,Alfa Romeo,70,2:13:23.600,FAR,8003
1,Monaco,1950-05-21,Juan Manuel  Fangio ,Alfa Romeo,100,3:13:18.700,FAN,11598
2,Indianapolis 500,1950-05-30,Johnnie Parsons ,Kurtis Kraft Offenhauser,138,2:46:55.970,PAR,10015
3,Switzerland,1950-06-04,Nino  Farina ,Alfa Romeo,42,2:02:53.700,FAR,7373
4,Belgium,1950-06-18,Juan Manuel  Fangio ,Alfa Romeo,35,2:47:26.000,FAN,10046
5,France,1950-07-02,Juan Manuel  Fangio ,Alfa Romeo,64,2:57:52.800,FAN,10672
6,Italy,1950-09-03,Nino  Farina ,Alfa Romeo,80,2:51:17.400,FAR,10277
7,Switzerland,1951-05-27,Juan Manuel  Fangio ,Alfa Romeo,42,2:07:53.640,FAN,7673
8,Indianapolis 500,1951-05-30,Lee  Wallard ,Kurtis Kraft Offenhauser,200,3:57:38.050,WAL,14258
9,Belgium,1951-06-17,Nino  Farina ,Alfa Romeo,36,2:45:46.200,FAR,9946
10,France,1951-07-01,Juan Manuel  Fangio ,Alfa Romeo,77,3:22:11.000,FAN,12131
11,Great Britain,1951-07-14,Jose Froilan  Gonzalez ,Ferrari,90,2:42:18.200,GON,9738
12,Germany,1951-07-29,Alberto  Ascari ,Ferrari,20,3:23:03.300,ASC,12183
13,Italy,1951-09-16,Alberto  Ascari ,Ferrari,80,2:42:39.300,ASC,9759
14,Spain,1951-10-28,Juan Manuel  Fangio ,Alfa Romeo,70,2:46:54.100,FAN,10014
15,Switzerland,1952-05-18,Piero Taruffi ,Ferrari,62,3:01:46.100,TAR,10906
16,Indianapolis 500,1952-05-30,Troy  Ruttman ,Kuzma Offenhauser,200,3:52:41.880,RUT,13961
17,Belgium,1952-06-22,Alberto  Ascari ,Ferrari,36,3:03:46.300,ASC,11026
18,France,1952-07-06,Alberto  Ascari ,Ferrari,77,3:00:00.000,ASC,10800
19,Great Britain,1952-07-19,Alberto  Ascari ,Ferrari,85,2:44:11.000,ASC,9851
20,Germany,1952-08-03,Alberto  Ascari ,Ferrari,18,3:06:13.300,ASC,11173
21,Netherlands,1952-08-17,Alberto  Ascari ,Ferrari,90,2:53:28.500,ASC,10408
22,Italy,1952-09-07,Alberto  Ascari ,Ferrari,80,2:50:45.600,ASC,10245
23,Argentina,1953-01-18,Alberto  Ascari ,Ferrari,97,3:01:04.600,ASC,10864
24,Indianapolis 500,1953-05-30,Bill Vukovich,Kurtis Kraft Offenhauser,200,3:53:01.690,VUK,13981
25,Netherlands,1953-06-07,Alberto  Ascari ,Ferrari,90,2:53:35.800,ASC,10415
26,Belgium,1953-06-21,Alberto  Ascari ,Ferrari,36,2:48:30.300,ASC,10110
27,France,1953-07-05,Mike  Hawthorn ,Ferrari,60,2:44:18.600,HAW,9858
28,Great Britain,1953-07-18,Alberto  Ascari ,Ferrari,90,2:50:00.000,ASC,10200
29,Germany,1953-08-02,Nino  Farina ,Ferrari,18,3:02:25.000,FAR,10945
30,Switzerland,1953-08-23,Alberto  Ascari ,Ferrari,65,3:01:34.400,ASC,10894
31,Italy,1953-09-13,Juan Manuel  Fangio ,Maserati,80,2:49:45.900,FAN,10185
32,Argentina,1954-01-17,Juan Manuel  Fangio ,Maserati,87,3:00:55.800,FAN,10855
33,Indianapolis 500,1954-05-31,Bill Vukovich,Kurtis Kraft Offenhauser,200,3:49:17.270,VUK,13757
34,Belgium,1954-06-20,Juan Manuel  Fangio ,Maserati,36,2:44:42.400,FAN,9882
35,France,1954-07-04,Juan Manuel  Fangio ,Mercedes-Benz,61,2:42:47.900,FAN,9767
36,Great Britain,1954-07-17,Jose Froilan  Gonzalez ,Ferrari,90,2:56:14.000,GON,10574
37,Germany,1954-08-01,Juan Manuel  Fangio ,Mercedes-Benz,22,3:45:45.800,FAN,13545
38,Switzerland,1954-08-22,Juan Manuel  Fangio ,Mercedes-Benz,66,3:00:34.500,FAN,10834
39,Italy,1954-09-05,Juan Manuel  Fangio ,Mercedes-Benz,80,2:47:47.900,FAN,10067
40,Spain,1954-10-24,Mike  Hawthorn ,Ferrari,80,3:13:52.100,HAW,11632
41,Argentina,1955-01-16,Juan Manuel  Fangio ,Mercedes-Benz,96,3:00:38.600,FAN,10838
42,Monaco,1955-05-22,Maurice Trintignant ,Ferrari,100,2:58:09.700,TRI,10689
43,Indianapolis 500,1955-05-30,Bob  Sweikert ,Kurtis Kraft Offenhauser,200,3:53:59.530,SWE,14039
44,Belgium,1955-06-05,Juan Manuel  Fangio ,Mercedes-Benz,36,2:39:29.000,FAN,9569
45,Netherlands,1955-06-19,Juan Manuel  Fangio ,Mercedes-Benz,100,2:54:23.800,FAN,10463
46,Great Britain,1955-07-16,Stirling  Moss ,Mercedes-Benz,90,3:07:21.200,MOS,11241
47,Italy,1955-09-11,Juan Manuel  Fangio ,Mercedes-Benz,50,2:25:04.400,FAN,8704
48,Argentina,1956-01-22,Juan Manuel  Fangio ,Ferrari,98,3:00:03.700,FAN,10803
49,Monaco,1956-05-13,Stirling  Moss ,Maserati,100,3:00:32.900,MOS,10832
50,Indianapolis 500,1956-05-30,Pat  Flaherty ,Watson Offenhauser,200,3:53:28.840,FLA,14008
51,Belgium,1956-06-03,Peter  Collins ,Ferrari,36,2:40:00.300,COL,9600
52,France,1956-07-01,Peter  Collins ,Ferrari,61,2:34:23.400,COL,9263
53,Great Britain,1956-07-14,Juan Manuel  Fangio ,Ferrari,101,2:59:47.000,FAN,10787
54,Germany,1956-08-05,Juan Manuel  Fangio ,Ferrari,22,3:38:43.700,FAN,13123
55,Italy,1956-09-02,Stirling  Moss ,Maserati,50,2:23:41.300,MOS,8621
56,Argentina,1957-01-13,Juan Manuel  Fangio ,Maserati,100,3:00:55.900,FAN,10855
57,Monaco,1957-05-19,Juan Manuel  Fangio ,Maserati,105,3:10:12.800,FAN,11412
58,Indianapolis 500,1957-05-30,Sam  Hanks ,Epperly Offenhauser,200,3:41:14.250,HAN,13274
59,France,1957-07-07,Juan Manuel  Fangio ,Maserati,77,3:07:46.400,FAN,11266
60,Great Britain,1957-07-20,Stirling  Moss ,Vanwall,90,3:06:37.800,MOS,11197
61,Germany,1957-08-04,Juan Manuel  Fangio ,Maserati,22,3:30:38.300,FAN,12638
62,Pescara,1957-08-18,Stirling  Moss ,Vanwall,18,2:59:22.700,MOS,10762
63,Italy,1957-09-08,Stirling  Moss ,Vanwall,87,2:35:03.900,MOS,9303
64,Argentina,1958-01-19,Stirling  Moss ,Cooper Climax,80,2:19:33.700,MOS,8373
65,Monaco,1958-05-18,Maurice Trintignant ,Cooper Climax,100,2:52:27.900,TRI,10347
66,Netherlands,1958-05-26,Stirling  Moss ,Vanwall,75,2:04:49.200,MOS,7489
67,Indianapolis 500,1958-05-30,Jimmy  Bryan ,Epperly Offenhauser,200,3:44:13.800,BRY,13453
68,Belgium,1958-06-15,Tony  Brooks ,Vanwall,24,1:37:06.300,BRO,5826
69,France,1958-07-06,Mike  Hawthorn ,Ferrari,50,2:03:21.300,HAW,7401
70,Great Britain,1958-07-19,Peter  Collins ,Ferrari,75,2:09:04.200,COL,7744
71,Germany,1958-08-03,Tony  Brooks ,Vanwall,15,2:21:15.000,BRO,8475
72,Portugal,1958-08-24,Stirling  Moss ,Vanwall,50,2:11:27.800,MOS,7887
73,Italy,1958-09-07,Tony  Brooks ,Vanwall,70,2:03:47.800,BRO,7427
74,Morocco,1958-10-19,Stirling  Moss ,Vanwall,53,2:09:15.100,MOS,7755
75,Monaco,1959-05-10,Jack  Brabham ,Cooper Climax,100,2:55:51.300,BRA,10551
76,Indianapolis 500,1959-05-30,Rodger  Ward ,Watson Offenhauser,200,3:40:49.200,WAR,13249
77,Netherlands,1959-05-31,Jo  Bonnier ,BRM,75,2:05:26.800,BON,7526
78,France,1959-07-05,Tony  Brooks ,Ferrari,50,2:01:26.500,BRO,7286
79,Great Britain,1959-07-18,Jack  Brabham ,Cooper Climax,75,2:30:11.600,BRA,9011
80,Germany,1959-08-02,Tony  Brooks ,Ferrari,60,2:09:31.600,BRO,7771
81,Portugal,1959-08-23,Stirling  Moss ,Cooper Climax,62,2:11:55.410,MOS,7915
82,Italy,1959-09-13,Stirling  Moss ,Cooper Climax,72,2:04:05.400,MOS,7445
83,United States,1959-12-12,Bruce  McLaren ,Cooper Climax,42,2:12:35.700,MCL,7955
84,Argentina,1960-02-07,Bruce  McLaren ,Cooper Climax,80,2:17:49.500,MCL,8269
85,Monaco,1960-05-29,Stirling  Moss ,Lotus Climax,100,2:53:45.500,MOS,10425
86,Indianapolis 500,1960-05-30,Jim  Rathmann ,Watson Offenhauser,200,3:36:11.360,RAT,12971
87,Netherlands,1960-06-06,Jack  Brabham ,Cooper Climax,75,2:01:47.200,BRA,7307
88,Belgium,1960-06-19,Jack  Brabham ,Cooper Climax,36,2:21:37.300,BRA,8497
89,France,1960-07-03,Jack  Brabham ,Cooper Climax,50,1:57:24.900,BRA,7044
90,Great Britain,1960-07-16,Jack  Brabham ,Cooper Climax,77,2:04:24.600,BRA,7464
91,Portugal,1960-08-14,Jack  Brabham ,Cooper Climax,55,2:19:00.030,BRA,8340
92,Italy,1960-09-04,Phil  Hill ,Ferrari,50,2:21:09.200,HIL,8469
93,United States,1960-11-20,Stirling  Moss ,Lotus Climax,75,2:28:52.200,MOS,8932
94,Monaco,1961-05-14,Stirling  Moss ,Lotus Climax,100,2:45:50.100,MOS,9950
95,Netherlands,1961-05-22,Wolfgang  von Trips ,Ferrari,75,2:01:52.100,VON,7312
96,Belgium,1961-06-18,Phil  Hill ,Ferrari,30,2:03:03.800,HIL,7383
97,France,1961-07-02,Giancarlo  Baghetti ,Ferrari,52,2:14:17.500,BAG,8057
98,Great Britain,1961-07-15,Wolfgang  von Trips ,Ferrari,75,2:40:53.600,VON,9653
99,Germany,1961-08-06,Stirling  Moss ,Lotus Climax,15,2:18:12.400,MOS,8292
100,Italy,1961-09-10,Phil  Hill ,Ferrari,43,2:03:13.000,HIL,7393
101,United States,1961-10-08,Innes  Ireland ,Lotus Climax,100,2:13:45.800,IRE,8025
102,Netherlands,1962-05-20,Graham  Hill ,BRM,80,2:11:02.100,HIL,7862
103,Monaco,1962-06-03,Bruce  McLaren ,Cooper Climax,100,2:46:29.700,MCL,9989
104,Belgium,1962-06-17,Jim  Clark ,Lotus Climax,32,2:07:32.300,CLA,7652
105,France,1962-07-08,Dan  Gurney ,Porsche,54,2:07:35.500,GUR,7655
106,Great Britain,1962-07-21,Jim  Clark ,Lotus Climax,75,2:26:20.800,CLA,8780
107,Germany,1962-08-05,Graham  Hill ,BRM,15,2:38:45.300,HIL,9525
108,Italy,1962-09-16,Graham  Hill ,BRM,86,2:29:08.400,HIL,8948
109,United States,1962-10-07,Jim  Clark ,Lotus Climax,100,2:07:13.000,CLA,7633
110,South Africa,1962-12-29,Graham  Hill ,BRM,82,2:08:03.300,HIL,7683
111,Monaco,1963-05-26,Graham  Hill ,BRM,100,2:41:49.700,HIL,9709
112,Belgium,1963-06-09,Jim  Clark ,Lotus Climax,32,2:27:47.600,CLA,8867
113,Netherlands,1963-06-23,Jim  Clark ,Lotus Climax,80,2:08:13.700,CLA,7693
114,France,1963-06-30,Jim  Clark ,Lotus Climax,53,2:10:54.300,CLA,7854
115,Great Britain,1963-07-20,Jim  Clark ,Lotus Climax,82,2:14:09.600,CLA,8049
116,Germany,1963-08-04,John  Surtees ,Ferrari,15,2:13:06.800,SUR,7986
117,Italy,1963-09-08,Jim  Clark ,Lotus Climax,86,2:24:19.600,CLA,8659
118,United States,1963-10-06,Graham  Hill ,BRM,110,2:19:22.100,HIL,8362
119,Mexico,1963-10-27,Jim  Clark ,Lotus Climax,65,2:09:52.100,CLA,7792
120,South Africa,1963-12-28,Jim  Clark ,Lotus Climax,85,2:10:36.900,CLA,7836
121,Monaco,1964-05-10,Graham  Hill ,BRM,100,2:41:19.500,HIL,9679
122,Netherlands,1964-05-24,Jim  Clark ,Lotus Climax,80,2:07:35.400,CLA,7655
123,Belgium,1964-06-14,Jim  Clark ,Lotus Climax,32,2:06:40.500,CLA,7600
124,France,1964-06-28,Dan  Gurney ,Brabham Climax,57,2:07:49.100,GUR,7669
125,Great Britain,1964-07-11,Jim  Clark ,Lotus Climax,80,2:15:07.000,CLA,8107
126,Germany,1964-08-02,John  Surtees ,Ferrari,15,2:12:04.800,SUR,7924
127,Austria,1964-08-23,Lorenzo  Bandini ,Ferrari,105,2:06:18.230,BAN,7578
128,Italy,1964-09-06,John  Surtees ,Ferrari,78,2:10:51.800,SUR,7851
129,United States,1964-10-04,Graham  Hill ,BRM,110,2:16:38.000,HIL,8198
130,Mexico,1964-10-25,Dan  Gurney ,Brabham Climax,65,2:09:50.320,GUR,7790
131,South Africa,1965-01-01,Jim  Clark ,Lotus Climax,85,2:06:46.000,CLA,7606
132,Monaco,1965-05-30,Graham  Hill ,BRM,100,2:37:39.600,HIL,9459
133,Belgium,1965-06-13,Jim  Clark ,Lotus Climax,32,2:23:34.800,CLA,8614
134,France,1965-06-27,Jim  Clark ,Lotus Climax,40,2:14:38.400,CLA,8078
135,Great Britain,1965-07-10,Jim  Clark ,Lotus Climax,80,2:05:25.400,CLA,7525
136,Netherlands,1965-07-18,Jim  Clark ,Lotus Climax,80,2:03:59.100,CLA,7439
137,Germany,1965-08-01,Jim  Clark ,Lotus Climax,15,2:07:52.400,CLA,7672
138,Italy,1965-09-12,Jackie  Stewart ,BRM,76,2:04:52.800,STE,7492
139,United States,1965-10-03,Graham  Hill ,BRM,110,2:20:36.100,HIL,8436
140,Mexico,1965-10-24,Richie  Ginther ,Honda,65,2:08:32.100,GIN,7712
141,Monaco,1966-05-22,Jackie  Stewart ,BRM,100,2:33:10.500,STE,9190
142,Belgium,1966-06-12,John  Surtees ,Ferrari,28,2:09:11.300,SUR,7751
143,France,1966-07-03,Jack  Brabham ,Brabham Repco,48,1:48:31.300,BRA,6511
144,Great Britain,1966-07-16,Jack  Brabham ,Brabham Repco,80,2:13:13.400,BRA,7993
145,Netherlands,1966-07-24,Jack  Brabham ,Brabham Repco,90,2:20:32.500,BRA,8432
146,Germany,1966-08-07,Jack  Brabham ,Brabham Repco,15,2:27:03.000,BRA,8823
147,Italy,1966-09-04,Ludovico  Scarfiotti ,Ferrari,68,1:47:14.800,SCA,6434
148,United States,1966-10-02,Jim  Clark ,Lotus BRM,108,2:09:40.100,CLA,7780
149,Mexico,1966-10-23,John  Surtees ,Cooper Maserati,65,2:06:35.340,SUR,7595
150,South Africa,1967-01-02,Pedro  Rodriguez ,Cooper Maserati,80,2:05:45.900,ROD,7545
151,Monaco,1967-05-07,Denny  Hulme ,Brabham Repco,100,2:34:34.300,HUL,9274
152,Netherlands,1967-06-04,Jim  Clark ,Lotus Ford,90,2:14:45.100,CLA,8085
153,Belgium,1967-06-18,Dan  Gurney ,Eagle Weslake,28,1:40:49.400,GUR,6049
154,France,1967-07-02,Jack  Brabham ,Brabham Repco,80,2:13:21.300,BRA,8001
155,Great Britain,1967-07-15,Jim  Clark ,Lotus Ford,80,1:59:25.600,CLA,7165
156,Germany,1967-08-06,Denny  Hulme ,Brabham Repco,15,2:05:55.700,HUL,7555
157,Canada,1967-08-27,Jack  Brabham ,Brabham Repco,90,2:40:40.000,BRA,9640
158,Italy,1967-09-10,John  Surtees ,Honda,68,1:43:45.000,SUR,6225
159,United States,1967-10-01,Jim  Clark ,Lotus Ford,108,2:03:13.200,CLA,7393
160,Mexico,1967-10-22,Jim  Clark ,Lotus Ford,65,1:59:28.700,CLA,7168
161,South Africa,1968-01-01,Jim  Clark ,Lotus Ford,80,1:53:56.600,CLA,6836
162,Spain,1968-05-12,Graham  Hill ,Lotus Ford,90,2:15:20.100,HIL,8120
163,Monaco,1968-05-26,Graham  Hill ,Lotus Ford,80,2:00:32.300,HIL,7232
164,Belgium,1968-06-09,Bruce  McLaren ,McLaren Ford,28,1:40:02.100,MCL,6002
165,Netherlands,1968-06-23,Jackie  Stewart ,Matra Ford,90,2:46:11.260,STE,9971
166,France,1968-07-07,Jacky  Ickx ,Ferrari,60,2:25:40.900,ICK,8740
167,Great Britain,1968-07-20,Jo  Siffert ,Lotus Ford,80,2:01:20.300,SIF,7280
168,Germany,1968-08-04,Jackie  Stewart ,Matra Ford,14,2:19:03.200,STE,8343
169,Italy,1968-09-08,Denny  Hulme ,McLaren Ford,68,1:40:14.800,HUL,6014
170,Canada,1968-09-22,Denny  Hulme ,McLaren Ford,90,2:27:11.200,HUL,8831
171,United States,1968-10-06,Jackie  Stewart ,Matra Ford,108,1:59:20.290,STE,7160
172,Mexico,1968-11-03,Graham  Hill ,Lotus Ford,65,1:56:43.950,HIL,7003
173,South Africa,1969-03-01,Jackie  Stewart ,Matra Ford,80,1:50:39.100,STE,6639
174,Spain,1969-05-04,Jackie  Stewart ,Matra Ford,90,2:16:53.990,STE,8213
175,Monaco,1969-05-18,Graham  Hill ,Lotus Ford,80,1:56:59.400,HIL,7019
176,Netherlands,1969-06-21,Jackie  Stewart ,Matra Ford,90,2:06:42.080,STE,7602
177,France,1969-07-06,Jackie  Stewart ,Matra Ford,38,1:56:47.400,STE,7007
178,Great Britain,1969-07-19,Jackie  Stewart ,Matra Ford,84,1:55:55.600,STE,6955
179,Germany,1969-08-03,Jacky  Ickx ,Brabham Ford,14,1:49:55.400,ICK,6595
180,Italy,1969-09-07,Jackie  Stewart ,Matra Ford,68,1:39:11.260,STE,5951
181,Canada,1969-09-20,Jacky  Ickx ,Brabham Ford,90,1:59:25.700,ICK,7165
182,United States,1969-10-05,Jochen  Rindt ,Lotus Ford,108,1:57:56.840,RIN,7076
183,Mexico,1969-10-19,Denny  Hulme ,McLaren Ford,65,1:54:08.800,HUL,6848
184,South Africa,1970-03-07,Jack  Brabham ,Brabham Ford,80,1:49:34.600,BRA,6574
185,Spain,1970-04-19,Jackie  Stewart ,March Ford,90,2:10:58.200,STE,7858
186,Monaco,1970-05-10,Jochen  Rindt ,Lotus Ford,80,1:54:36.600,RIN,6876
187,Belgium,1970-06-07,Pedro  Rodriguez ,BRM,28,1:38:09.900,ROD,5889
188,Netherlands,1970-06-21,Jochen  Rindt ,Lotus Ford,80,1:50:43.410,RIN,6643
189,France,1970-07-05,Jochen  Rindt ,Lotus Ford,38,1:55:57.000,RIN,6957
190,Great Britain,1970-07-18,Jochen  Rindt ,Lotus Ford,80,1:57:02.000,RIN,7022
191,Germany,1970-08-02,Jochen  Rindt ,Lotus Ford,50,1:42:00.300,RIN,6120
192,Austria,1970-08-16,Jacky  Ickx ,Ferrari,60,1:42:17.320,ICK,6137
193,Italy,1970-09-06,Clay  Regazzoni ,Ferrari,68,1:39:06.880,REG,5946
194,Canada,1970-09-20,Jacky  Ickx ,Ferrari,90,2:21:18.400,ICK,8478
195,United States,1970-10-04,Emerson  Fittipaldi ,Lotus Ford,108,1:57:32.790,FIT,7052
196,Mexico,1970-10-25,Jacky  Ickx ,Ferrari,65,1:53:28.360,ICK,6808
197,South Africa,1971-03-06,Mario  Andretti ,Ferrari,79,1:47:35.500,AND,6455
198,Spain,1971-04-18,Jackie  Stewart ,Tyrrell Ford,75,1:49:03.400,STE,6543
199,Monaco,1971-05-23,Jackie  Stewart ,Tyrrell Ford,80,1:52:21.300,STE,6741
200,Netherlands,1971-06-20,Jacky  Ickx ,Ferrari,70,1:56:20.090,ICK,6980
201,France,1971-07-04,Jackie  Stewart ,Tyrrell Ford,55,1:46:41.680,STE,6401
202,Great Britain,1971-07-17,Jackie  Stewart ,Tyrrell Ford,68,1:31:31.500,STE,5491
203,Germany,1971-08-01,Jackie  Stewart ,Tyrrell Ford,12,1:29:15.700,STE,5355
204,Austria,1971-08-15,Jo  Siffert ,BRM,54,1:30:23.910,SIF,5423
205,Italy,1971-09-05,Peter Gethin,BRM,55,1:18:12.600,GET,4692
206,Canada,1971-09-19,Jackie  Stewart ,Tyrrell Ford,64,1:55:12.900,STE,6912
207,United States,1971-10-03,Francois Cevert,Tyrrell Ford,59,1:43:51.991,CEV,6231
208,Argentina,1972-01-23,Jackie  Stewart ,Tyrrell Ford,95,1:57:58.820,STE,7078
209,South Africa,1972-03-04,Denny  Hulme ,McLaren Ford,79,1:45:49.100,HUL,6349
210,Spain,1972-05-01,Emerson  Fittipaldi ,Lotus Ford,90,2:03:41.230,FIT,7421
211,Monaco,1972-05-14,Jean-Pierre  Beltoise ,BRM,80,2:26:54.700,BEL,8814
212,Belgium,1972-06-04,Emerson  Fittipaldi ,Lotus Ford,85,1:44:06.700,FIT,6246
213,France,1972-07-02,Jackie  Stewart ,Tyrrell Ford,38,1:52:21.500,STE,6741
214,Great Britain,1972-07-15,Emerson  Fittipaldi ,Lotus Ford,76,1:47:50.200,FIT,6470
215,Germany,1972-07-30,Jacky  Ickx ,Ferrari,14,1:42:12.300,ICK,6132
216,Austria,1972-08-13,Emerson  Fittipaldi ,Lotus Ford,54,1:29:16.660,FIT,5356
217,Italy,1972-09-10,Emerson  Fittipaldi ,Lotus Ford,55,1:29:58.400,FIT,5398
218,Canada,1972-09-24,Jackie  Stewart ,Tyrrell Ford,80,1:43:16.900,STE,6196
219,United States,1972-10-08,Jackie  Stewart ,Tyrrell Ford,59,1:41:45.354,STE,6105
220,Argentina,1973-01-28,Emerson  Fittipaldi ,Lotus Ford,96,1:56:18.220,FIT,6978
221,Brazil,1973-02-11,Emerson  Fittipaldi ,Lotus Ford,40,1:43:55.600,FIT,6235
222,South Africa,1973-03-03,Jackie  Stewart ,Tyrrell Ford,79,1:43:11.070,STE,6191
223,Spain,1973-04-29,Emerson  Fittipaldi ,Lotus Ford,75,1:48:18.700,FIT,6498
224,Belgium,1973-05-20,Jackie  Stewart ,Tyrrell Ford,70,1:42:13.430,STE,6133
225,Monaco,1973-06-03,Jackie  Stewart ,Tyrrell Ford,78,1:57:44.300,STE,7064
226,Sweden,1973-06-17,Denny  Hulme ,McLaren Ford,80,1:56:46.049,HUL,7006
227,France,1973-07-01,Ronnie  Peterson ,Lotus Ford,54,1:41:36.520,PET,6096
228,Great Britain,1973-07-14,Peter Revson ,McLaren Ford,67,1:29:18.500,REV,5358
229,Netherlands,1973-07-29,Jackie  Stewart ,Tyrrell Ford,72,1:39:12.450,STE,5952
230,Germany,1973-08-05,Jackie  Stewart ,Tyrrell Ford,14,1:42:03.000,STE,6123
231,Austria,1973-08-19,Ronnie  Peterson ,Lotus Ford,54,1:28:48.780,PET,5328
232,Italy,1973-09-09,Ronnie  Peterson ,Lotus Ford,55,1:29:17.000,PET,5357
233,Canada,1973-09-23,Peter Revson ,McLaren Ford,80,1:59:04.083,REV,7144
234,United States,1973-10-07,Ronnie  Peterson ,Lotus Ford,59,1:41:15.799,PET,6075
235,Argentina,1974-01-13,Denny  Hulme ,McLaren Ford,53,1:41:02.010,HUL,6062
236,Brazil,1974-01-27,Emerson  Fittipaldi ,McLaren Ford,32,1:24:37.060,FIT,5077
237,South Africa,1974-03-30,Carlos  Reutemann ,Brabham Ford,78,1:42:40.960,REU,6160
238,Spain,1974-04-28,Niki  Lauda ,Ferrari,84,2:00:29.560,LAU,7229
239,Belgium,1974-05-12,Emerson  Fittipaldi ,McLaren Ford,85,1:44:20.570,FIT,6260
240,Monaco,1974-05-26,Ronnie  Peterson ,Lotus Ford,78,1:58:03.700,PET,7083
241,Sweden,1974-06-09,Jody  Scheckter ,Tyrrell Ford,80,1:58:31.391,SCH,7111
242,Netherlands,1974-06-23,Niki  Lauda ,Ferrari,75,1:43:00.350,LAU,6180
243,France,1974-07-07,Ronnie  Peterson ,Lotus Ford,80,1:21:55.020,PET,4915
244,Great Britain,1974-07-20,Jody  Scheckter ,Tyrrell Ford,75,1:43:02.200,SCH,6182
245,Germany,1974-08-04,Clay  Regazzoni ,Ferrari,14,1:41:35.000,REG,6095
246,Austria,1974-08-18,Carlos  Reutemann ,Brabham Ford,54,1:28:44.720,REU,5324
247,Italy,1974-09-08,Ronnie  Peterson ,Lotus Ford,52,1:22:56.600,PET,4976
248,Canada,1974-09-22,Emerson  Fittipaldi ,McLaren Ford,80,1:40:26.136,FIT,6026
249,United States,1974-10-06,Carlos  Reutemann ,Brabham Ford,59,1:40:21.439,REU,6021
250,Argentina,1975-01-12,Emerson  Fittipaldi ,McLaren Ford,53,1:39:26.290,FIT,5966
251,Brazil,1975-01-26,Carlos  Pace ,Brabham Ford,40,1:44:41.170,PAC,6281
252,South Africa,1975-03-01,Jody  Scheckter ,Tyrrell Ford,78,1:43:16.900,SCH,6196
253,Spain,1975-04-27,Jochen  Mass ,McLaren Ford,29,42:53.700,MAS,2573
254,Monaco,1975-05-11,Niki  Lauda ,Ferrari,75,2:01:21.310,LAU,7281
255,Belgium,1975-05-25,Niki  Lauda ,Ferrari,70,1:43:53.980,LAU,6233
256,Sweden,1975-06-08,Niki  Lauda ,Ferrari,80,1:59:18.319,LAU,7158
257,Netherlands,1975-06-22,James  Hunt ,Hesketh Ford,75,1:46:57.400,HUN,6417
258,France,1975-07-06,Niki  Lauda ,Ferrari,54,1:40:18.840,LAU,6018
259,Great Britain,1975-07-19,Emerson  Fittipaldi ,McLaren Ford,56,1:22:05.000,FIT,4925
260,Germany,1975-08-03,Carlos  Reutemann ,Brabham Ford,14,1:41:14.100,REU,6074
261,Austria,1975-08-17,Vittorio  Brambilla ,March Ford,29,57:56.690,BRA,3476
262,Italy,1975-09-07,Clay  Regazzoni ,Ferrari,52,1:22:42.600,REG,4962
263,United States,1975-10-05,Niki  Lauda ,Ferrari,59,1:42:58.175,LAU,6178
264,Brazil,1976-01-25,Niki  Lauda ,Ferrari,40,1:45:16.780,LAU,6316
265,South Africa,1976-03-06,Niki  Lauda ,Ferrari,78,1:42:18.400,LAU,6138
266,USA West,1976-03-28,Clay  Regazzoni ,Ferrari,80,1:53:18.471,REG,6798
267,Spain,1976-05-02,James  Hunt ,McLaren Ford,75,1:42:20.430,HUN,6140
268,Belgium,1976-05-16,Niki  Lauda ,Ferrari,70,1:42:53.230,LAU,6173
269,Monaco,1976-05-30,Niki  Lauda ,Ferrari,78,1:59:51.470,LAU,7191
270,Sweden,1976-06-13,Jody  Scheckter ,Tyrrell Ford,72,1:46:53.729,SCH,6413
271,France,1976-07-04,James  Hunt ,McLaren Ford,54,1:40:58.600,HUN,6058
272,Great Britain,1976-07-18,Niki  Lauda ,Ferrari,76,1:44:19.660,LAU,6259
273,Germany,1976-08-01,James  Hunt ,McLaren Ford,14,1:41:42.700,HUN,6102
274,Austria,1976-08-15,John  Watson ,Penske Ford,54,1:30:07.860,WAT,5407
275,Netherlands,1976-08-29,James  Hunt ,McLaren Ford,75,1:44:52.090,HUN,6292
276,Italy,1976-09-12,Ronnie  Peterson ,March Ford,52,1:30:35.600,PET,5435
277,Canada,1976-10-03,James  Hunt ,McLaren Ford,80,1:40:09.626,HUN,6009
278,USA East,1976-10-10,James  Hunt ,McLaren Ford,59,1:42:40.741,HUN,6160
279,Japan,1976-10-24,Mario  Andretti ,Lotus Ford,73,1:43:58.860,AND,6238
280,Argentina,1977-01-09,Jody  Scheckter ,Wolf Ford,53,1:40:11.190,SCH,6011
281,Brazil,1977-01-23,Carlos  Reutemann ,Ferrari,40,1:45:07.720,REU,6307
282,South Africa,1977-03-05,Niki  Lauda ,Ferrari,78,1:42:21.600,LAU,6141
283,USA West,1977-04-03,Mario  Andretti ,Lotus Ford,80,1:51:35.470,AND,6695
284,Spain,1977-05-08,Mario  Andretti ,Lotus Ford,75,1:42:52.220,AND,6172
285,Monaco,1977-05-22,Jody  Scheckter ,Wolf Ford,76,1:57:52.770,SCH,7072
286,Belgium,1977-06-05,Gunnar  Nilsson ,Lotus Ford,70,1:55:05.710,NIL,6905
287,Sweden,1977-06-19,Jacques  Laffite ,Ligier Matra,72,1:46:55.520,LAF,6415
288,France,1977-07-03,Mario  Andretti ,Lotus Ford,80,1:39:40.130,AND,5980
289,Great Britain,1977-07-16,James  Hunt ,McLaren Ford,68,1:31:46.060,HUN,5506
290,Germany,1977-07-31,Niki  Lauda ,Ferrari,47,1:31:48.620,LAU,5508
291,Austria,1977-08-14,Alan Jones ,Shadow Ford,54,1:37:16.490,JON,5836
292,Netherlands,1977-08-28,Niki  Lauda ,Ferrari,75,1:41:45.930,LAU,6105
293,Italy,1977-09-11,Mario  Andretti ,Lotus Ford,52,1:27:50.300,AND,5270
294,USA East,1977-10-02,James  Hunt ,McLaren Ford,59,1:58:23.267,HUN,7103
295,Canada,1977-10-09,Jody  Scheckter ,Wolf Ford,80,1:40:00.000,SCH,6000
296,Japan,1977-10-23,James  Hunt ,McLaren Ford,73,1:31:51.680,HUN,5511
297,Argentina,1978-01-15,Mario  Andretti ,Lotus Ford,52,1:37:04.470,AND,5824
298,Brazil,1978-01-29,Carlos  Reutemann ,Ferrari,63,1:49:59.860,REU,6599
299,South Africa,1978-03-04,Ronnie  Peterson ,Lotus Ford,78,1:42:15.767,PET,6135
300,USA West,1978-04-02,Carlos  Reutemann ,Ferrari,80,1:52:01.301,REU,6721
301,Monaco,1978-05-07,Patrick  Depailler ,Tyrrell Ford,75,1:55:14.660,DEP,6914
302,Belgium,1978-05-21,Mario  Andretti ,Lotus Ford,70,1:39:52.020,AND,5992
303,Spain,1978-06-04,Mario  Andretti ,Lotus Ford,75,1:41:47.060,AND,6107
304,Sweden,1978-06-17,Niki  Lauda ,Brabham Alfa Romeo,70,1:41:00.606,LAU,6060
305,France,1978-07-02,Mario  Andretti ,Lotus Ford,54,1:38:51.920,AND,5931
306,Great Britain,1978-07-16,Carlos  Reutemann ,Ferrari,76,1:42:12.390,REU,6132
307,Germany,1978-07-30,Mario  Andretti ,Lotus Ford,45,1:28:00.900,AND,5280
308,Austria,1978-08-13,Ronnie  Peterson ,Lotus Ford,54,1:41:21.570,PET,6081
309,Netherlands,1978-08-27,Mario  Andretti ,Lotus Ford,75,1:41:04.230,AND,6064
310,Italy,1978-09-10,Niki  Lauda ,Brabham Alfa Romeo,40,1:07:04.540,LAU,4024
311,USA East,1978-10-01,Carlos  Reutemann ,Ferrari,59,1:40:48.800,REU,6048
312,Canada,1978-10-08,Gilles  Villeneuve ,Ferrari,70,1:57:49.196,VIL,7069
313,Argentina,1979-01-21,Jacques  Laffite ,Ligier Ford,53,1:36:03.210,LAF,5763
314,Brazil,1979-02-04,Jacques  Laffite ,Ligier Ford,40,1:40:09.640,LAF,6009
315,South Africa,1979-03-03,Gilles  Villeneuve ,Ferrari,78,1:41:49.960,VIL,6109
316,USA West,1979-04-08,Gilles  Villeneuve ,Ferrari,80,1:50:25.400,VIL,6625
317,Spain,1979-04-29,Patrick  Depailler ,Ligier Ford,75,1:39:11.840,DEP,5951
318,Belgium,1979-05-13,Jody  Scheckter ,Ferrari,70,1:39:59.530,SCH,5999
319,Monaco,1979-05-27,Jody  Scheckter ,Ferrari,76,1:55:22.480,SCH,6922
320,France,1979-07-01,Jean-Pierre  Jabouille ,Renault,80,1:35:20.420,JAB,5720
321,Great Britain,1979-07-14,Clay  Regazzoni ,Williams Ford,68,1:26:11.170,REG,5171
322,Germany,1979-07-29,Alan Jones ,Williams Ford,45,1:24:48.830,JON,5088
323,Austria,1979-08-12,Alan Jones ,Williams Ford,54,1:27:38.010,JON,5258
324,Netherlands,1979-08-26,Alan Jones ,Williams Ford,75,1:41:19.775,JON,6079
325,Italy,1979-09-09,Jody  Scheckter ,Ferrari,50,1:22:00.220,SCH,4920
326,Canada,1979-09-30,Alan Jones ,Williams Ford,72,1:52:06.892,JON,6726
327,USA East,1979-10-07,Gilles  Villeneuve ,Ferrari,59,1:52:17.734,VIL,6737
328,Argentina,1980-01-13,Alan Jones ,Williams Ford,53,1:43:24.380,JON,6204
329,Brazil,1980-01-27,Rene  Arnoux ,Renault,40,1:40:01.330,ARN,6001
330,South Africa,1980-03-01,Rene  Arnoux ,Renault,78,1:36:52.540,ARN,5812
331,USA West,1980-03-30,Nelson  Piquet ,Brabham Ford,80,1:50:18.550,PIQ,6618
332,Belgium,1980-05-04,Didier  Pironi ,Ligier Ford,72,1:38:46.510,PIR,5926
333,Monaco,1980-05-18,Carlos  Reutemann ,Williams Ford,76,1:55:34.365,REU,6934
334,France,1980-06-29,Alan Jones ,Williams Ford,54,1:32:43.420,JON,5563
335,Great Britain,1980-07-13,Alan Jones ,Williams Ford,76,1:34:49.228,JON,5689
336,Germany,1980-08-10,Jacques  Laffite ,Ligier Ford,45,1:22:59.730,LAF,4979
337,Austria,1980-08-17,Jean-Pierre  Jabouille ,Renault,54,1:26:15.730,JAB,5175
338,Netherlands,1980-08-31,Nelson  Piquet ,Brabham Ford,72,1:38:13.830,PIQ,5893
339,Italy,1980-09-14,Nelson  Piquet ,Brabham Ford,60,1:38:07.520,PIQ,5887
340,Canada,1980-09-28,Alan Jones ,Williams Ford,70,1:46:45.530,JON,6405
341,USA East,1980-10-05,Alan Jones ,Williams Ford,59,1:34:36.050,JON,5676
342,USA West,1981-03-15,Alan Jones ,Williams Ford,80,1:50:41.330,JON,6641
343,Brazil,1981-03-29,Carlos  Reutemann ,Williams Ford,62,2:00:23.660,REU,7223
344,Argentina,1981-04-12,Nelson  Piquet ,Brabham Ford,53,1:34:32.740,PIQ,5672
345,San Marino,1981-05-03,Nelson  Piquet ,Brabham Ford,60,1:51:23.970,PIQ,6683
346,Belgium,1981-05-17,Carlos  Reutemann ,Williams Ford,54,1:16:31.610,REU,4591
347,Monaco,1981-05-31,Gilles  Villeneuve ,Ferrari,76,1:54:23.380,VIL,6863
348,Spain,1981-06-21,Gilles  Villeneuve ,Ferrari,80,1:46:35.010,VIL,6395
349,France,1981-07-05,Alain  Prost ,Renault,80,1:35:48.130,PRO,5748
350,Great Britain,1981-07-18,John  Watson ,McLaren Ford,68,1:26:54.800,WAT,5214
351,Germany,1981-08-02,Nelson  Piquet ,Brabham Ford,45,1:25:55.600,PIQ,5155
352,Austria,1981-08-16,Jacques  Laffite ,Ligier Matra,53,1:27:36.470,LAF,5256
353,Netherlands,1981-08-30,Alain  Prost ,Renault,72,1:40:22.430,PRO,6022
354,Italy,1981-09-13,Alain  Prost ,Renault,52,1:26:33.897,PRO,5193
355,Canada,1981-09-27,Jacques  Laffite ,Ligier Matra,63,2:01:25.205,LAF,7285
356,Caesar's Palace,1981-10-17,Alan Jones ,Williams Ford,75,1:44:09.077,JON,6249
357,South Africa,1982-01-23,Alain  Prost ,Renault,77,1:32:08.401,PRO,5528
358,Brazil,1982-03-21,Alain  Prost ,Renault,63,1:44:33.134,PRO,6273
359,USA West,1982-04-04,Niki  Lauda ,McLaren Ford,75,1:58:25.318,LAU,7105
360,San Marino,1982-04-25,Didier  Pironi ,Ferrari,60,1:36:38.887,PIR,5798
361,Belgium,1982-05-09,John  Watson ,McLaren Ford,70,1:35:41.995,WAT,5741
362,Monaco,1982-05-23,Riccardo  Patrese ,Brabham Ford,76,1:54:11.259,PAT,6851
363,Detroit,1982-06-06,John  Watson ,McLaren Ford,62,1:58:41.043,WAT,7121
364,Canada,1982-06-13,Nelson  Piquet ,Brabham BMW,70,1:46:39.577,PIQ,6399
365,Netherlands,1982-07-03,Didier  Pironi ,Ferrari,72,1:38:03.254,PIR,5883
366,Great Britain,1982-07-18,Niki  Lauda ,McLaren Ford,76,1:35:33.812,LAU,5733
367,France,1982-07-25,Rene  Arnoux ,Renault,54,1:33:33.217,ARN,5613
368,Germany,1982-08-08,Patrick  Tambay ,Ferrari,45,1:27:25.178,TAM,5245
369,Austria,1982-08-15,Elio  de Angelis ,Lotus Ford,53,1:25:02.212,DEA,5102
370,Switzerland,1982-08-29,Keke  Rosberg ,Williams Ford,80,1:32:41.087,ROS,5561
371,Italy,1982-09-12,Rene  Arnoux ,Renault,52,1:22:25.734,ARN,4945
372,Caesar's Palace,1982-09-25,Michele  Alboreto ,Tyrrell Ford,75,1:41:56.888,ALB,6116
373,Brazil,1983-03-13,Nelson  Piquet ,Brabham BMW,63,1:48:27.731,PIQ,6507
374,USA West,1983-03-27,John  Watson ,McLaren Ford,75,1:53:34.889,WAT,6814
375,France,1983-04-17,Alain  Prost ,Renault,54,1:34:13.913,PRO,5653
376,San Marino,1983-05-01,Patrick  Tambay ,Ferrari,60,1:37:52.460,TAM,5872
377,Monaco,1983-05-15,Keke  Rosberg ,Williams Ford,76,1:56:38.121,ROS,6998
378,Belgium,1983-05-22,Alain  Prost ,Renault,40,1:27:11.502,PRO,5231
379,Detroit,1983-06-05,Michele  Alboreto ,Tyrrell Ford,60,1:50:53.669,ALB,6653
380,Canada,1983-06-12,Rene  Arnoux ,Ferrari,70,1:48:31.838,ARN,6511
381,Great Britain,1983-07-16,Alain  Prost ,Renault,67,1:24:39.780,PRO,5079
382,Germany,1983-08-07,Rene  Arnoux ,Ferrari,45,1:27:10.319,ARN,5230
383,Austria,1983-08-14,Alain  Prost ,Renault,53,1:24:32.745,PRO,5072
384,Netherlands,1983-08-28,Rene  Arnoux ,Ferrari,72,1:38:41.950,ARN,5921
385,Italy,1983-09-11,Nelson  Piquet ,Brabham BMW,52,1:23:10.880,PIQ,4990
386,Europe,1983-09-25,Nelson  Piquet ,Brabham BMW,76,1:36:45.865,PIQ,5805
387,South Africa,1983-10-15,Riccardo  Patrese ,Brabham BMW,77,1:33:25.708,PAT,5605
388,Brazil,1984-03-25,Alain  Prost ,McLaren TAG,61,1:42:34.492,PRO,6154
389,South Africa,1984-04-07,Niki  Lauda ,McLaren TAG,75,1:29:23.430,LAU,5363
390,Belgium,1984-04-29,Michele  Alboreto ,Ferrari,70,1:36:32.048,ALB,5792
391,San Marino,1984-05-06,Alain  Prost ,McLaren TAG,60,1:36:53.679,PRO,5813
392,France,1984-05-20,Niki  Lauda ,McLaren TAG,79,1:31:11.951,LAU,5471
393,Monaco,1984-06-03,Alain  Prost ,McLaren TAG,31,1:01:07.740,PRO,3667
394,Canada,1984-06-17,Nelson  Piquet ,Brabham BMW,70,1:46:23.748,PIQ,6383
395,Detroit,1984-06-24,Nelson  Piquet ,Brabham BMW,63,1:55:41.842,PIQ,6941
396,Dallas,1984-07-08,Keke  Rosberg ,Williams Honda,67,2:01:22.617,ROS,7282
397,Great Britain,1984-07-22,Niki  Lauda ,McLaren TAG,71,1:29:28.532,LAU,5368
398,Germany,1984-08-05,Alain  Prost ,McLaren TAG,44,1:24:43.210,PRO,5083
399,Austria,1984-08-19,Niki  Lauda ,McLaren TAG,51,1:21:12.851,LAU,4872
400,Netherlands,1984-08-26,Alain  Prost ,McLaren TAG,71,1:37:21.468,PRO,5841
401,Italy,1984-09-09,Niki  Lauda ,McLaren TAG,51,1:20:29.065,LAU,4829
402,Europe,1984-10-07,Alain  Prost ,McLaren TAG,67,1:35:13.284,PRO,5713
403,Portugal,1984-10-21,Alain  Prost ,McLaren TAG,70,1:41:11.753,PRO,6071
404,Brazil,1985-04-07,Alain  Prost ,McLaren TAG,61,1:41:26.115,PRO,6086
405,Portugal,1985-04-21,Ayrton  Senna ,Lotus Renault,67,2:00:28.006,SEN,7228
406,San Marino,1985-05-05,Elio  de Angelis ,Lotus Renault,60,1:34:35.955,DEA,5675
407,Monaco,1985-05-19,Alain  Prost ,McLaren TAG,78,1:51:58.034,PRO,6718
408,Canada,1985-06-16,Michele  Alboreto ,Ferrari,70,1:46:01.813,ALB,6361
409,Detroit,1985-06-23,Keke  Rosberg ,Williams Honda,63,1:55:39.851,ROS,6939
410,France,1985-07-07,Nelson  Piquet ,Brabham BMW,53,1:31:46.266,PIQ,5506
411,Great Britain,1985-07-21,Alain  Prost ,McLaren TAG,65,1:18:10.436,PRO,4690
412,Germany,1985-08-04,Michele  Alboreto ,Ferrari,67,1:35:31.337,ALB,5731
413,Austria,1985-08-18,Alain  Prost ,McLaren TAG,52,1:20:12.583,PRO,4812
414,Netherlands,1985-08-25,Niki  Lauda ,McLaren TAG,70,1:32:29.263,LAU,5549
415,Italy,1985-09-08,Alain  Prost ,McLaren TAG,51,1:17:59.451,PRO,4679
416,Belgium,1985-09-15,Ayrton  Senna ,Lotus Renault,43,1:34:19.893,SEN,5659
417,Europe,1985-10-06,Nigel  Mansell ,Williams Honda,75,1:32:58.109,MAN,5578
418,South Africa,1985-10-19,Nigel  Mansell ,Williams Honda,75,1:28:22.866,MAN,5302
419,Australia,1985-11-03,Keke  Rosberg ,Williams Honda,82,2:00:40.473,ROS,7240
420,Brazil,1986-03-23,Nelson  Piquet ,Williams Honda,61,1:39:32.583,PIQ,5972
421,Spain,1986-04-13,Ayrton  Senna ,Lotus Renault,72,1:48:47.735,SEN,6527
422,San Marino,1986-04-27,Alain  Prost ,McLaren TAG,60,1:32:28.408,PRO,5548
423,Monaco,1986-05-11,Alain  Prost ,McLaren TAG,78,1:55:41.060,PRO,6941
424,Belgium,1986-05-25,Nigel  Mansell ,Williams Honda,43,1:27:57.925,MAN,5277
425,Canada,1986-06-15,Nigel  Mansell ,Williams Honda,69,1:42:26.415,MAN,6146
426,Detroit,1986-06-22,Ayrton  Senna ,Lotus Renault,63,1:51:12.847,SEN,6672
427,France,1986-07-06,Nigel  Mansell ,Williams Honda,80,1:37:19.272,MAN,5839
428,Great Britain,1986-07-13,Nigel  Mansell ,Williams Honda,75,1:30:38.471,MAN,5438
429,Germany,1986-07-27,Nelson  Piquet ,Williams Honda,44,1:22:08.263,PIQ,4928
430,Hungary,1986-08-10,Nelson  Piquet ,Williams Honda,76,2:00:34.508,PIQ,7234
431,Austria,1986-08-17,Alain  Prost ,McLaren TAG,52,1:21:22.531,PRO,4882
432,Italy,1986-09-07,Nelson  Piquet ,Williams Honda,51,1:17:42.889,PIQ,4662
433,Portugal,1986-09-21,Nigel  Mansell ,Williams Honda,70,1:37:21.900,MAN,5841
434,Mexico,1986-10-12,Gerhard  Berger ,Benetton BMW,68,1:33:18.700,BER,5598
435,Australia,1986-10-26,Alain  Prost ,McLaren TAG,82,1:54:20.388,PRO,6860
436,Brazil,1987-04-12,Alain  Prost ,McLaren TAG,61,1:39:45.141,PRO,5985
437,San Marino,1987-05-03,Nigel  Mansell ,Williams Honda,59,1:31:24.076,MAN,5484
438,Belgium,1987-05-17,Alain  Prost ,McLaren TAG,43,1:27:03.217,PRO,5223
439,Monaco,1987-05-31,Ayrton  Senna ,Lotus Honda,78,1:57:54.085,SEN,7074
440,Detroit,1987-06-21,Ayrton  Senna ,Lotus Honda,63,1:50:16.358,SEN,6616
441,France,1987-07-05,Nigel  Mansell ,Williams Honda,80,1:37:03.839,MAN,5823
442,Great Britain,1987-07-12,Nigel  Mansell ,Williams Honda,65,1:19:11.780,MAN,4751
443,Germany,1987-07-26,Nelson  Piquet ,Williams Honda,44,1:21:25.091,PIQ,4885
444,Hungary,1987-08-09,Nelson  Piquet ,Williams Honda,76,1:59:26.793,PIQ,7166
445,Austria,1987-08-16,Nigel  Mansell ,Williams Honda,52,1:18:44.898,MAN,4724
446,Italy,1987-09-06,Nelson  Piquet ,Williams Honda,50,1:14:47.707,PIQ,4487
447,Portugal,1987-09-20,Alain  Prost ,McLaren TAG,70,1:37:03.906,PRO,5823
448,Spain,1987-09-27,Nigel  Mansell ,Williams Honda,72,1:49:12.692,MAN,6552
449,Mexico,1987-10-18,Nigel  Mansell ,Williams Honda,63,1:26:24.207,MAN,5184
450,Japan,1987-11-01,Gerhard  Berger ,Ferrari,51,1:32:58.072,BER,5578
451,Australia,1987-11-15,Gerhard  Berger ,Ferrari,82,1:52:56.144,BER,6776
452,Brazil,1988-04-03,Alain  Prost ,McLaren Honda,60,1:36:06.857,PRO,5766
453,San Marino,1988-05-01,Ayrton  Senna ,McLaren Honda,60,1:32:41.264,SEN,5561
454,Monaco,1988-05-15,Alain  Prost ,McLaren Honda,78,1:57:17.077,PRO,7037
455,Mexico,1988-05-29,Alain  Prost ,McLaren Honda,67,1:30:15.737,PRO,5415
456,Canada,1988-06-12,Ayrton  Senna ,McLaren Honda,69,1:39:46.618,SEN,5986
457,Detroit,1988-06-19,Ayrton  Senna ,McLaren Honda,63,1:54:56.035,SEN,6896
458,France,1988-07-03,Alain  Prost ,McLaren Honda,80,1:37:37.328,PRO,5857
459,Great Britain,1988-07-10,Ayrton  Senna ,McLaren Honda,65,1:33:16.367,SEN,5596
460,Germany,1988-07-24,Ayrton  Senna ,McLaren Honda,44,1:32:54.188,SEN,5574
461,Hungary,1988-08-07,Ayrton  Senna ,McLaren Honda,76,1:57:47.081,SEN,7067
462,Belgium,1988-08-28,Ayrton  Senna ,McLaren Honda,43,1:28:00.549,SEN,5280
463,Italy,1988-09-11,Gerhard  Berger ,Ferrari,51,1:17:39.744,BER,4659
464,Portugal,1988-09-25,Alain  Prost ,McLaren Honda,70,1:37:40.958,PRO,5860
465,Spain,1988-10-02,Alain  Prost ,McLaren Honda,72,1:48:43.851,PRO,6523
466,Japan,1988-10-30,Ayrton  Senna ,McLaren Honda,51,1:33:26.173,SEN,5606
467,Australia,1988-11-13,Alain  Prost ,McLaren Honda,82,1:53:14.676,PRO,6794
468,Brazil,1989-03-26,Nigel  Mansell ,Ferrari,61,1:38:58.744,MAN,5938
469,San Marino,1989-04-23,Ayrton  Senna ,McLaren Honda,58,1:26:51.245,SEN,5211
470,Monaco,1989-05-07,Ayrton  Senna ,McLaren Honda,77,1:53:33.251,SEN,6813
471,Mexico,1989-05-28,Ayrton  Senna ,McLaren Honda,69,1:35:21.431,SEN,5721
472,United States,1989-06-04,Alain  Prost ,McLaren Honda,75,2:01:33.133,PRO,7293
473,Canada,1989-06-18,Thierry  Boutsen ,Williams Renault,69,2:01:24.073,BOU,7284
474,France,1989-07-09,Alain  Prost ,McLaren Honda,80,1:38:29.411,PRO,5909
475,Great Britain,1989-07-16,Alain  Prost ,McLaren Honda,64,1:19:22.131,PRO,4762
476,Germany,1989-07-30,Ayrton  Senna ,McLaren Honda,45,1:21:43.302,SEN,4903
477,Hungary,1989-08-13,Nigel  Mansell ,Ferrari,77,1:49:38.650,MAN,6578
478,Belgium,1989-08-27,Ayrton  Senna ,McLaren Honda,44,1:40:54.196,SEN,6054
479,Italy,1989-09-10,Alain  Prost ,McLaren Honda,53,1:19:27.550,PRO,4767
480,Portugal,1989-09-24,Gerhard  Berger ,Ferrari,71,1:36:48.546,BER,5808
481,Spain,1989-10-01,Ayrton  Senna ,McLaren Honda,72,1:47:48.264,SEN,6468
482,Japan,1989-10-22,Alessandro  Nannini ,Benetton Ford,53,1:35:06.277,NAN,5706
483,Australia,1989-11-05,Thierry  Boutsen ,Williams Renault,70,2:00:17.421,BOU,7217
484,United States,1990-03-11,Ayrton  Senna ,McLaren Honda,72,1:52:32.829,SEN,6752
485,Brazil,1990-03-25,Alain  Prost ,Ferrari,71,1:37:21.258,PRO,5841
486,San Marino,1990-05-13,Riccardo  Patrese ,Williams Renault,61,1:30:55.478,PAT,5455
487,Monaco,1990-05-27,Ayrton  Senna ,McLaren Honda,78,1:52:46.982,SEN,6766
488,Canada,1990-06-10,Ayrton  Senna ,McLaren Honda,70,1:42:56.400,SEN,6176
489,Mexico,1990-06-24,Alain  Prost ,Ferrari,69,1:32:35.783,PRO,5555
490,France,1990-07-08,Alain  Prost ,Ferrari,80,1:33:29.606,PRO,5609
491,Great Britain,1990-07-15,Alain  Prost ,Ferrari,64,1:18:30.999,PRO,4710
492,Germany,1990-07-29,Ayrton  Senna ,McLaren Honda,45,1:20:47.164,SEN,4847
493,Hungary,1990-08-12,Thierry  Boutsen ,Williams Renault,77,1:49:30.597,BOU,6570
494,Belgium,1990-08-26,Ayrton  Senna ,McLaren Honda,44,1:26:31.997,SEN,5191
495,Italy,1990-09-09,Ayrton  Senna ,McLaren Honda,53,1:17:57.878,SEN,4677
496,Portugal,1990-09-23,Nigel  Mansell ,Ferrari,61,1:22:11.014,MAN,4931
497,Spain,1990-09-30,Alain  Prost ,Ferrari,73,1:48:01.461,PRO,6481
498,Japan,1990-10-21,Nelson  Piquet ,Benetton Ford,53,1:34:36.824,PIQ,5676
499,Australia,1990-11-04,Nelson  Piquet ,Benetton Ford,81,1:49:44.570,PIQ,6584
500,United States,1991-03-10,Ayrton  Senna ,McLaren Honda,81,2:00:47.828,SEN,7247
501,Brazil,1991-03-24,Ayrton  Senna ,McLaren Honda,71,1:38:28.128,SEN,5908
502,San Marino,1991-04-28,Ayrton  Senna ,McLaren Honda,61,1:35:14.750,SEN,5714
503,Monaco,1991-05-12,Ayrton  Senna ,McLaren Honda,78,1:53:02.334,SEN,6782
504,Canada,1991-06-02,Nelson  Piquet ,Benetton Ford,69,1:38:51.490,PIQ,5931
505,Mexico,1991-06-16,Riccardo  Patrese ,Williams Renault,67,1:29:52.205,PAT,5392
506,France,1991-07-07,Nigel  Mansell ,Williams Renault,72,1:38:00.056,MAN,5880
507,Great Britain,1991-07-14,Nigel  Mansell ,Williams Renault,59,1:27:35.479,MAN,5255
508,Germany,1991-07-28,Nigel  Mansell ,Williams Renault,45,1:19:29.661,MAN,4769
509,Hungary,1991-08-11,Ayrton  Senna ,McLaren Honda,77,1:49:12.796,SEN,6552
510,Belgium,1991-08-25,Ayrton  Senna ,McLaren Honda,44,1:27:17.669,SEN,5237
511,Italy,1991-09-08,Nigel  Mansell ,Williams Renault,53,1:17:54.319,MAN,4674
512,Portugal,1991-09-22,Riccardo  Patrese ,Williams Renault,71,1:35:42.304,PAT,5742
513,Spain,1991-09-29,Nigel  Mansell ,Williams Renault,65,1:38:41.541,MAN,5921
514,Japan,1991-10-20,Gerhard  Berger ,McLaren Honda,53,1:32:10.695,BER,5530
515,Australia,1991-11-03,Ayrton  Senna ,McLaren Honda,14,24:34.899,SEN,1474
516,South Africa,1992-03-01,Nigel  Mansell ,Williams Renault,72,1:36:45.320,MAN,5805
517,Mexico,1992-03-22,Nigel  Mansell ,Williams Renault,69,1:31:53.587,MAN,5513
518,Brazil,1992-04-05,Nigel  Mansell ,Williams Renault,71,1:36:51.856,MAN,5811
519,Spain,1992-05-03,Nigel  Mansell ,Williams Renault,65,1:56:10.674,MAN,6970
520,San Marino,1992-05-17,Nigel  Mansell ,Williams Renault,60,1:28:40.927,MAN,5320
521,Monaco,1992-05-31,Ayrton  Senna ,McLaren Honda,78,1:50:59.372,SEN,6659
522,Canada,1992-06-14,Gerhard  Berger ,McLaren Honda,69,1:37:08.299,BER,5828
523,France,1992-07-05,Nigel  Mansell ,Williams Renault,69,1:38:08.459,MAN,5888
524,Great Britain,1992-07-12,Nigel  Mansell ,Williams Renault,59,1:25:42.991,MAN,5142
525,Germany,1992-07-26,Nigel  Mansell ,Williams Renault,45,1:18:22.032,MAN,4702
526,Hungary,1992-08-16,Ayrton  Senna ,McLaren Honda,77,1:46:19.216,SEN,6379
527,Belgium,1992-08-30,Michael  Schumacher ,Benetton Ford,44,1:36:10.721,MSC,5770
528,Italy,1992-09-13,Ayrton  Senna ,McLaren Honda,53,1:18:15.349,SEN,4695
529,Portugal,1992-09-27,Nigel  Mansell ,Williams Renault,71,1:34:46.659,MAN,5686
530,Japan,1992-10-25,Riccardo  Patrese ,Williams Renault,53,1:33:09.553,PAT,5589
531,Australia,1992-11-08,Gerhard  Berger ,McLaren Honda,82,1:46:54.786,BER,6414
532,South Africa,1993-03-14,Alain  Prost ,Williams Renault,72,1:38:45.082,PRO,5925
533,Brazil,1993-03-28,Ayrton  Senna ,McLaren Ford,71,1:51:15.485,SEN,6675
534,Europe,1993-04-11,Ayrton  Senna ,McLaren Ford,76,1:50:46.570,SEN,6646
535,San Marino,1993-04-25,Alain  Prost ,Williams Renault,61,1:33:20.413,PRO,5600
536,Spain,1993-05-09,Alain  Prost ,Williams Renault,65,1:32:27.685,PRO,5547
537,Monaco,1993-05-23,Ayrton  Senna ,McLaren Ford,78,1:52:10.947,SEN,6730
538,Canada,1993-06-13,Alain  Prost ,Williams Renault,69,1:36:41.822,PRO,5801
539,France,1993-07-04,Alain  Prost ,Williams Renault,72,1:38:35.241,PRO,5915
540,Great Britain,1993-07-11,Alain  Prost ,Williams Renault,59,1:25:38.189,PRO,5138
541,Germany,1993-07-25,Alain  Prost ,Williams Renault,45,1:18:40.885,PRO,4720
542,Hungary,1993-08-15,Damon  Hill ,Williams Renault,77,1:47:39.098,HIL,6459
543,Belgium,1993-08-29,Damon  Hill ,Williams Renault,44,1:24:32.124,HIL,5072
544,Italy,1993-09-12,Damon  Hill ,Williams Renault,53,1:17:07.509,HIL,4627
545,Portugal,1993-09-26,Michael  Schumacher ,Benetton Ford,71,1:32:46.309,MSC,5566
546,Japan,1993-10-24,Ayrton  Senna ,McLaren Ford,53,1:40:27.912,SEN,6027
547,Australia,1993-11-07,Ayrton  Senna ,McLaren Ford,79,1:43:27.476,SEN,6207
548,Brazil,1994-03-27,Michael  Schumacher ,Benetton Ford,71,1:35:38.759,MSC,5738
549,Pacific,1994-04-17,Michael  Schumacher ,Benetton Ford,83,1:46:01.693,MSC,6361
550,San Marino,1994-05-01,Michael  Schumacher ,Benetton Ford,58,1:28:28.642,MSC,5308
551,Monaco,1994-05-15,Michael  Schumacher ,Benetton Ford,78,1:49:55.372,MSC,6595
552,Spain,1994-05-29,Damon  Hill ,Williams Renault,65,1:36:14.374,HIL,5774
553,Canada,1994-06-12,Michael  Schumacher ,Benetton Ford,69,1:44:31.887,MSC,6271
554,France,1994-07-03,Michael  Schumacher ,Benetton Ford,72,1:38:35.704,MSC,5915
555,Great Britain,1994-07-10,Damon  Hill ,Williams Renault,60,1:30:03.640,HIL,5403
556,Germany,1994-07-31,Gerhard  Berger ,Ferrari,45,1:22:37.272,BER,4957
557,Hungary,1994-08-14,Michael  Schumacher ,Benetton Ford,77,1:48:00.185,MSC,6480
558,Belgium,1994-08-28,Damon  Hill ,Williams Renault,44,1:28:47.170,HIL,5327
559,Italy,1994-09-11,Damon  Hill ,Williams Renault,53,1:18:02.754,HIL,4682
560,Portugal,1994-09-25,Damon  Hill ,Williams Renault,71,1:41:10.165,HIL,6070
561,Europe,1994-10-16,Michael  Schumacher ,Benetton Ford,69,1:40:26.689,MSC,6026
562,Japan,1994-11-06,Damon  Hill ,Williams Renault,50,1:55:53.532,HIL,6953
563,Australia,1994-11-13,Nigel  Mansell ,Williams Renault,81,1:47:51.480,MAN,6471
564,Brazil,1995-03-26,Michael  Schumacher ,Benetton Renault,71,1:38:34.154,MSC,5914
565,Argentina,1995-04-09,Damon  Hill ,Williams Renault,71,1:51:39.531,HIL,6699
566,San Marino,1995-04-30,Damon  Hill ,Williams Renault,63,1:41:42.552,HIL,6102
567,Spain,1995-05-14,Michael  Schumacher ,Benetton Renault,65,1:34:20.507,MSC,5660
568,Monaco,1995-05-28,Michael  Schumacher ,Benetton Renault,78,1:53:11.258,MSC,6791
569,Canada,1995-06-11,Jean  Alesi ,Ferrari,69,1:46:31.333,ALE,6391
570,France,1995-07-02,Michael  Schumacher ,Benetton Renault,72,1:38:28.429,MSC,5908
571,Great Britain,1995-07-16,Johnny  Herbert ,Benetton Renault,61,1:34:35.093,HER,5675
572,Germany,1995-07-30,Michael  Schumacher ,Benetton Renault,45,1:22:56.043,MSC,4976
573,Hungary,1995-08-13,Damon  Hill ,Williams Renault,77,1:46:25.721,HIL,6385
574,Belgium,1995-08-27,Michael  Schumacher ,Benetton Renault,44,1:36:47.875,MSC,5807
575,Italy,1995-09-10,Johnny  Herbert ,Benetton Renault,53,1:18:27.916,HER,4707
576,Portugal,1995-09-24,David  Coulthard ,Williams Renault,71,1:41:52.145,COU,6112
577,Europe,1995-10-01,Michael  Schumacher ,Benetton Renault,67,1:39:59.044,MSC,5999
578,Pacific,1995-10-22,Michael  Schumacher ,Benetton Renault,83,1:48:49.972,MSC,6529
579,Japan,1995-10-29,Michael  Schumacher ,Benetton Renault,53,1:36:52.930,MSC,5812
580,Australia,1995-11-12,Damon  Hill ,Williams Renault,81,1:49:15.946,HIL,6555
581,Australia,1996-03-10,Damon  Hill ,Williams Renault,58,1:32:50.491,HIL,5570
582,Brazil,1996-03-31,Damon  Hill ,Williams Renault,71,1:49:52.976,HIL,6592
583,Argentina,1996-04-07,Damon  Hill ,Williams Renault,72,1:54:55.322,HIL,6895
584,Europe,1996-04-28,Jacques  Villeneuve ,Williams Renault,67,1:33:26.473,VIL,5606
585,San Marino,1996-05-05,Damon  Hill ,Williams Renault,63,1:35:26.156,HIL,5726
586,Monaco,1996-05-19,Olivier  Panis ,Ligier Mugen Honda,75,2:00:45.629,PAN,7245
587,Spain,1996-06-02,Michael  Schumacher ,Ferrari,65,1:59:49.307,MSC,7189
588,Canada,1996-06-16,Damon  Hill ,Williams Renault,69,1:36:03.465,HIL,5763
589,France,1996-06-30,Damon  Hill ,Williams Renault,72,1:36:28.795,HIL,5788
590,Great Britain,1996-07-14,Jacques  Villeneuve ,Williams Renault,61,1:33:00.874,VIL,5580
591,Germany,1996-07-28,Damon  Hill ,Williams Renault,45,1:21:43.417,HIL,4903
592,Hungary,1996-08-11,Jacques  Villeneuve ,Williams Renault,77,1:46:21.134,VIL,6381
593,Belgium,1996-08-25,Michael  Schumacher ,Ferrari,44,1:28:15.125,MSC,5295
594,Italy,1996-09-08,Michael  Schumacher ,Ferrari,53,1:17:43.632,MSC,4663
595,Portugal,1996-09-22,Jacques  Villeneuve ,Williams Renault,70,1:40:22.915,VIL,6022
596,Japan,1996-10-13,Damon  Hill ,Williams Renault,52,1:32:33.791,HIL,5553
597,Australia,1997-03-09,David  Coulthard ,McLaren Mercedes,58,1:30:28.718,COU,5428
598,Brazil,1997-03-30,Jacques  Villeneuve ,Williams Renault,72,1:36:06.990,VIL,5766
599,Argentina,1997-04-13,Jacques  Villeneuve ,Williams Renault,72,1:52:01.715,VIL,6721
600,San Marino,1997-04-27,Heinz-Harald  Frentzen ,Williams Renault,62,1:31:00.673,FRE,5460
601,Monaco,1997-05-11,Michael  Schumacher ,Ferrari,62,2:00:05.654,MSC,7205
602,Spain,1997-05-25,Jacques  Villeneuve ,Williams Renault,64,1:30:35.896,VIL,5435
603,Canada,1997-06-15,Michael  Schumacher ,Ferrari,54,1:17:40.646,MSC,4660
604,France,1997-06-29,Michael  Schumacher ,Ferrari,72,1:38:50.492,MSC,5930
605,Great Britain,1997-07-13,Jacques  Villeneuve ,Williams Renault,59,1:28:01.665,VIL,5281
606,Germany,1997-07-27,Gerhard  Berger ,Benetton Renault,45,1:20:59.046,BER,4859
607,Hungary,1997-08-10,Jacques  Villeneuve ,Williams Renault,77,1:45:47.149,VIL,6347
608,Belgium,1997-08-24,Michael  Schumacher ,Ferrari,44,1:33:46.717,MSC,5626
609,Italy,1997-09-07,David  Coulthard ,McLaren Mercedes,53,1:17:04.609,COU,4624
610,Austria,1997-09-21,Jacques  Villeneuve ,Williams Renault,71,1:27:35.999,VIL,5255
611,Luxembourg,1997-09-28,Jacques  Villeneuve ,Williams Renault,67,1:31:27.843,VIL,5487
612,Japan,1997-10-12,Michael  Schumacher ,Ferrari,53,1:29:48.446,MSC,5388
613,Europe,1997-10-26,Mika  Hakkinen ,McLaren Mercedes,69,1:38:57.771,HAK,5937
614,Australia,1998-03-08,Mika  Hakkinen ,McLaren Mercedes,58,1:31:45.996,HAK,5505
615,Brazil,1998-03-29,Mika  Hakkinen ,McLaren Mercedes,72,1:37:11.747,HAK,5831
616,Argentina,1998-04-12,Michael  Schumacher ,Ferrari,72,1:48:36.175,MSC,6516
617,San Marino,1998-04-26,David  Coulthard ,McLaren Mercedes,62,1:34:24.593,COU,5664
618,Spain,1998-05-10,Mika  Hakkinen ,McLaren Mercedes,65,1:33:37.621,HAK,5617
619,Monaco,1998-05-24,Mika  Hakkinen ,McLaren Mercedes,78,1:51:23.595,HAK,6683
620,Canada,1998-06-07,Michael  Schumacher ,Ferrari,69,1:40:57.355,MSC,6057
621,France,1998-06-28,Michael  Schumacher ,Ferrari,71,1:34:45.026,MSC,5685
622,Great Britain,1998-07-12,Michael  Schumacher ,Ferrari,60,1:47:02.450,MSC,6422
623,Austria,1998-07-26,Mika  Hakkinen ,McLaren Mercedes,71,1:30:44.086,HAK,5444
624,Germany,1998-08-02,Mika  Hakkinen ,McLaren Mercedes,45,1:20:47.984,HAK,4847
625,Hungary,1998-08-16,Michael  Schumacher ,Ferrari,77,1:45:25.550,MSC,6325
626,Belgium,1998-08-30,Damon  Hill ,Jordan Mugen Honda,44,1:43:47.407,HIL,6227
627,Italy,1998-09-13,Michael  Schumacher ,Ferrari,53,1:17:09.672,MSC,4629
628,Luxembourg,1998-09-27,Mika  Hakkinen ,McLaren Mercedes,67,1:32:14.789,HAK,5534
629,Japan,1998-11-01,Mika  Hakkinen ,McLaren Mercedes,51,1:27:22.535,HAK,5242
630,Australia,1999-03-07,Eddie  Irvine ,Ferrari,57,1:35:01.659,IRV,5701
631,Brazil,1999-04-11,Mika  Hakkinen ,McLaren Mercedes,72,1:36:03.785,HAK,5763
632,San Marino,1999-05-02,Michael  Schumacher ,Ferrari,62,1:33:44.792,MSC,5624
633,Monaco,1999-05-16,Michael  Schumacher ,Ferrari,78,1:49:31.812,MSC,6571
634,Spain,1999-05-30,Mika  Hakkinen ,McLaren Mercedes,65,1:34:13.665,HAK,5653
635,Canada,1999-06-13,Mika  Hakkinen ,McLaren Mercedes,69,1:41:35.727,HAK,6095
636,France,1999-06-27,Heinz-Harald  Frentzen ,Jordan Mugen Honda,72,1:58:24.343,FRE,7104
637,Great Britain,1999-07-11,David  Coulthard ,McLaren Mercedes,60,1:32:30.144,COU,5550
638,Austria,1999-07-25,Eddie  Irvine ,Ferrari,71,1:28:12.438,IRV,5292
639,Germany,1999-08-01,Eddie  Irvine ,Ferrari,45,1:21:58.594,IRV,4918
640,Hungary,1999-08-15,Mika  Hakkinen ,McLaren Mercedes,77,1:46:23.536,HAK,6383
641,Belgium,1999-08-29,David  Coulthard ,McLaren Mercedes,44,1:25:43.057,COU,5143
642,Italy,1999-09-12,Heinz-Harald  Frentzen ,Jordan Mugen Honda,53,1:17:02.923,FRE,4622
643,Europe,1999-09-26,Johnny  Herbert ,Stewart Ford,66,1:41:54.314,HER,6114
644,Malaysia,1999-10-17,Eddie  Irvine ,Ferrari,56,1:36:38.494,IRV,5798
645,Japan,1999-10-31,Mika  Hakkinen ,McLaren Mercedes,53,1:31:18.785,HAK,5478
646,Australia,2000-03-12,Michael  Schumacher ,Ferrari,58,1:34:01.987,MSC,5641
647,Brazil,2000-03-26,Michael  Schumacher ,Ferrari,71,1:31:35.271,MSC,5495
648,San Marino,2000-04-09,Michael  Schumacher ,Ferrari,62,1:31:39.776,MSC,5499
649,Great Britain,2000-04-23,David  Coulthard ,McLaren Mercedes,60,1:28:50.108,COU,5330
650,Spain,2000-05-07,Mika  Hakkinen ,McLaren Mercedes,65,1:33:55.390,HAK,5635
651,Europe,2000-05-21,Michael  Schumacher ,Ferrari,67,1:42:00.307,MSC,6120
652,Monaco,2000-06-04,David  Coulthard ,McLaren Mercedes,78,1:49:28.213,COU,6568
653,Canada,2000-06-18,Michael  Schumacher ,Ferrari,69,1:41:12.313,MSC,6072
654,France,2000-07-02,David  Coulthard ,McLaren Mercedes,72,1:38:05.538,COU,5885
655,Austria,2000-07-16,Mika  Hakkinen ,McLaren Mercedes,71,1:28:15.818,HAK,5295
656,Germany,2000-07-30,Rubens  Barrichello ,Ferrari,45,1:25:34.418,BAR,5134
657,Hungary,2000-08-13,Mika  Hakkinen ,McLaren Mercedes,77,1:45:33.869,HAK,6333
658,Belgium,2000-08-27,Mika  Hakkinen ,McLaren Mercedes,44,1:28:14.494,HAK,5294
659,Italy,2000-09-10,Michael  Schumacher ,Ferrari,53,1:27:31.638,MSC,5251
660,United States,2000-09-24,Michael  Schumacher ,Ferrari,73,1:36:30.883,MSC,5790
661,Japan,2000-10-08,Michael  Schumacher ,Ferrari,53,1:29:53.435,MSC,5393
662,Malaysia,2000-10-22,Michael  Schumacher ,Ferrari,56,1:35:54.235,MSC,5754
663,Australia,2001-03-04,Michael  Schumacher ,Ferrari,58,1:38:26.533,MSC,5906
664,Malaysia,2001-03-18,Michael  Schumacher ,Ferrari,55,1:47:34.801,MSC,6454
665,Brazil,2001-04-01,David  Coulthard ,McLaren Mercedes,71,1:39:00.834,COU,5940
666,San Marino,2001-04-15,Ralf  Schumacher ,Williams BMW,62,1:30:44.817,RSC,5444
667,Spain,2001-04-29,Michael  Schumacher ,Ferrari,65,1:31:03.305,MSC,5463
668,Austria,2001-05-13,David  Coulthard ,McLaren Mercedes,71,1:27:45.927,COU,5265
669,Monaco,2001-05-27,Michael  Schumacher ,Ferrari,78,1:47:22.561,MSC,6442
670,Canada,2001-06-10,Ralf  Schumacher ,Williams BMW,69,1:34:31.522,RSC,5671
671,Europe,2001-06-24,Michael  Schumacher ,Ferrari,67,1:29:42.724,MSC,5382
672,France,2001-07-01,Michael  Schumacher ,Ferrari,72,1:33:35.636,MSC,5615
673,Great Britain,2001-07-15,Mika  Hakkinen ,McLaren Mercedes,60,1:25:33.770,HAK,5133
674,Germany,2001-07-29,Ralf  Schumacher ,Williams BMW,45,1:18:17.873,RSC,4697
675,Hungary,2001-08-19,Michael  Schumacher ,Ferrari,77,1:41:49.675,MSC,6109
676,Belgium,2001-09-02,Michael  Schumacher ,Ferrari,36,1:08:05.002,MSC,4085
677,Italy,2001-09-16,Juan Pablo  Montoya ,Williams BMW,53,1:16:58.493,MOY,4618
678,United States,2001-09-30,Mika  Hakkinen ,McLaren Mercedes,73,1:32:42.840,HAK,5562
679,Japan,2001-10-14,Michael  Schumacher ,Ferrari,53,1:27:33.298,MSC,5253
680,Australia,2002-03-03,Michael  Schumacher ,Ferrari,58,1:35:36.792,MSC,5736
681,Malaysia,2002-03-17,Ralf  Schumacher ,Williams BMW,56,1:34:12.912,RSC,5652
682,Brazil,2002-03-31,Michael  Schumacher ,Ferrari,71,1:31:43.663,MSC,5503
683,San Marino,2002-04-14,Michael  Schumacher ,Ferrari,62,1:29:10.789,MSC,5350
684,Spain,2002-04-28,Michael  Schumacher ,Ferrari,65,1:30:29.981,MSC,5429
685,Austria,2002-05-12,Michael  Schumacher ,Ferrari,71,1:33:51.562,MSC,5631
686,Monaco,2002-05-26,David  Coulthard ,McLaren Mercedes,78,1:45:39.055,COU,6339
687,Canada,2002-06-09,Michael  Schumacher ,Ferrari,70,1:33:36.111,MSC,5616
688,Europe,2002-06-23,Rubens  Barrichello ,Ferrari,60,1:35:07.426,BAR,5707
689,Great Britain,2002-07-07,Michael  Schumacher ,Ferrari,60,1:31:45.015,MSC,5505
690,France,2002-07-21,Michael  Schumacher ,Ferrari,72,1:32:09.837,MSC,5529
691,Germany,2002-07-28,Michael  Schumacher ,Ferrari,67,1:27:52.078,MSC,5272
692,Hungary,2002-08-18,Rubens  Barrichello ,Ferrari,77,1:41:49.001,BAR,6109
693,Belgium,2002-09-01,Michael  Schumacher ,Ferrari,44,1:21:20.634,MSC,4880
694,Italy,2002-09-15,Rubens  Barrichello ,Ferrari,53,1:16:19.982,BAR,4579
695,United States,2002-09-29,Rubens  Barrichello ,Ferrari,73,1:31:07.934,BAR,5467
696,Japan,2002-10-13,Michael  Schumacher ,Ferrari,53,1:26:59.698,MSC,5219
697,Australia,2003-03-09,David  Coulthard ,McLaren Mercedes,58,1:34:42.124,COU,5682
698,Malaysia,2003-03-23,Kimi  Rikknen ,McLaren Mercedes,56,1:32:22.195,RAI,5542
699,Brazil,2003-04-06,Giancarlo  Fisichella ,Jordan Ford,54,1:31:17.748,FIS,5477
700,San Marino,2003-04-20,Michael  Schumacher ,Ferrari,62,1:28:12.058,MSC,5292
701,Spain,2003-05-04,Michael  Schumacher ,Ferrari,65,1:33:46.933,MSC,5626
702,Austria,2003-05-18,Michael  Schumacher ,Ferrari,69,1:24:04.888,MSC,5044
703,Monaco,2003-06-01,Juan Pablo  Montoya ,Williams BMW,78,1:42:19.010,MOY,6139
704,Canada,2003-06-15,Michael  Schumacher ,Ferrari,70,1:31:13.591,MSC,5473
705,Europe,2003-06-29,Ralf  Schumacher ,Williams BMW,60,1:34:43.622,RSC,5683
706,France,2003-07-06,Ralf  Schumacher ,Williams BMW,70,1:30:49.213,RSC,5449
707,Great Britain,2003-07-20,Rubens  Barrichello ,Ferrari,60,1:28:37.554,BAR,5317
708,Germany,2003-08-03,Juan Pablo  Montoya ,Williams BMW,67,1:28:48.769,MOY,5328
709,Hungary,2003-08-24,Fernando  Alonso ,Renault,70,1:39:01.460,ALO,5941
710,Italy,2003-09-14,Michael  Schumacher ,Ferrari,53,1:14:19.838,MSC,4459
711,United States,2003-09-28,Michael  Schumacher ,Ferrari,73,1:33:35.997,MSC,5615
712,Japan,2003-10-12,Rubens  Barrichello ,Ferrari,53,1:25:11.743,BAR,5111
713,Australia,2004-03-07,Michael  Schumacher ,Ferrari,58,1:24:15.757,MSC,5055
714,Malaysia,2004-03-21,Michael  Schumacher ,Ferrari,56,1:31:07.490,MSC,5467
715,Bahrain,2004-04-04,Michael  Schumacher ,Ferrari,57,1:28:34.875,MSC,5314
716,San Marino,2004-04-25,Michael  Schumacher ,Ferrari,62,1:26:19.670,MSC,5179
717,Spain,2004-05-09,Michael  Schumacher ,Ferrari,66,1:27:32.841,MSC,5252
718,Monaco,2004-05-23,Jarno  Trulli ,Renault,77,1:45:46.601,TRU,6346
719,Europe,2004-05-30,Michael  Schumacher ,Ferrari,60,1:32:35.101,MSC,5555
720,Canada,2004-06-13,Michael  Schumacher ,Ferrari,70,1:28:24.803,MSC,5304
721,United States,2004-06-20,Michael  Schumacher ,Ferrari,73,1:40:29.914,MSC,6029
722,France,2004-07-04,Michael  Schumacher ,Ferrari,70,1:30:18.133,MSC,5418
723,Great Britain,2004-07-11,Michael  Schumacher ,Ferrari,60,1:24:42.700,MSC,5082
724,Germany,2004-07-25,Michael  Schumacher ,Ferrari,66,1:23:54.848,MSC,5034
725,Hungary,2004-08-15,Michael  Schumacher ,Ferrari,70,1:35:26.131,MSC,5726
726,Belgium,2004-08-29,Kimi  Rikknen ,McLaren Mercedes,44,1:32:35.274,RAI,5555
727,Italy,2004-09-12,Rubens  Barrichello ,Ferrari,53,1:15:18.448,BAR,4518
728,China,2004-09-26,Rubens  Barrichello ,Ferrari,56,1:29:12.420,BAR,5352
729,Japan,2004-10-10,Michael  Schumacher ,Ferrari,53,1:24:26.985,MSC,5066
730,Brazil,2004-10-24,Juan Pablo  Montoya ,Williams BMW,71,1:28:01.451,MOY,5281
731,Australia,2005-03-06,Giancarlo  Fisichella ,Renault,57,1:24:17.336,FIS,5057
732,Malaysia,2005-03-20,Fernando  Alonso ,Renault,56,1:31:33.736,ALO,5493
733,Bahrain,2005-04-03,Fernando  Alonso ,Renault,57,1:29:18.531,ALO,5358
734,San Marino,2005-04-24,Fernando  Alonso ,Renault,62,1:27:41.921,ALO,5261
735,Spain,2005-05-08,Kimi  Rikknen ,McLaren Mercedes,66,1:27:16.830,RAI,5236
736,Monaco,2005-05-22,Kimi  Rikknen ,McLaren Mercedes,78,1:45:15.556,RAI,6315
737,Europe,2005-05-29,Fernando  Alonso ,Renault,59,1:31:46.648,ALO,5506
738,Canada,2005-06-12,Kimi  Rikknen ,McLaren Mercedes,70,1:32:09.290,RAI,5529
739,United States,2005-06-19,Michael  Schumacher ,Ferrari,73,1:29:43.181,MSC,5383
740,France,2005-07-03,Fernando  Alonso ,Renault,70,1:31:22.233,ALO,5482
741,Great Britain,2005-07-10,Juan Pablo  Montoya ,McLaren Mercedes,60,1:24:29.588,MOY,5069
742,Germany,2005-07-24,Fernando  Alonso ,Renault,67,1:26:28.599,ALO,5188
743,Hungary,2005-07-31,Kimi  Rikknen ,McLaren Mercedes,70,1:37:25.552,RAI,5845
744,Turkey,2005-08-21,Kimi  Rikknen ,McLaren Mercedes,58,1:24:34.454,RAI,5074
745,Italy,2005-09-04,Juan Pablo  Montoya ,McLaren Mercedes,53,1:14:28.659,MOY,4468
746,Belgium,2005-09-11,Kimi  Rikknen ,McLaren Mercedes,44,1:30:01.295,RAI,5401
747,Brazil,2005-09-25,Juan Pablo  Montoya ,McLaren Mercedes,71,1:29:20.574,MOY,5360
748,Japan,2005-10-09,Kimi  Rikknen ,McLaren Mercedes,53,1:29:02.212,RAI,5342
749,China,2005-10-16,Fernando  Alonso ,Renault,56,1:39:53.618,ALO,5993
750,Bahrain,2006-03-12,Fernando  Alonso ,Renault,57,1:29:46.205,ALO,5386
751,Malaysia,2006-03-19,Giancarlo  Fisichella ,Renault,56,1:30:40.529,FIS,5440
752,Australia,2006-04-02,Fernando  Alonso ,Renault,57,1:34:27.870,ALO,5667
753,San Marino,2006-04-23,Michael  Schumacher ,Ferrari,62,1:31:06.486,MSC,5466
754,Europe,2006-05-07,Michael  Schumacher ,Ferrari,60,1:35:58.765,MSC,5758
755,Spain,2006-05-14,Fernando  Alonso ,Renault,66,1:26:21.759,ALO,5181
756,Monaco,2006-05-28,Fernando  Alonso ,Renault,78,1:43:43.116,ALO,6223
757,Great Britain,2006-06-11,Fernando  Alonso ,Renault,60,1:25:51.927,ALO,5151
758,Canada,2006-06-25,Fernando  Alonso ,Renault,70,1:34:37.308,ALO,5677
759,United States,2006-07-02,Michael  Schumacher ,Ferrari,73,1:34:35.199,MSC,5675
760,France,2006-07-16,Michael  Schumacher ,Ferrari,70,1:32:07.803,MSC,5527
761,Germany,2006-07-30,Michael  Schumacher ,Ferrari,67,1:27:51.693,MSC,5271
762,Hungary,2006-08-06,Jenson  Button ,Honda,70,1:52:20.941,BUT,6740
763,Turkey,2006-08-27,Felipe  Massa ,Ferrari,58,1:28:51.082,MAS,5331
764,Italy,2006-09-10,Michael  Schumacher ,Ferrari,53,1:14:51.975,MSC,4491
765,China,2006-10-01,Michael  Schumacher ,Ferrari,56,1:37:32.747,MSC,5852
766,Japan,2006-10-08,Fernando  Alonso ,Renault,53,1:23:53.413,ALO,5033
767,Brazil,2006-10-22,Felipe  Massa ,Ferrari,71,1:31:53.751,MAS,5513
768,Australia,2007-03-18,Kimi  Rikknen ,Ferrari,58,1:25:28.770,RAI,5128
769,Malaysia,2007-04-08,Fernando  Alonso ,McLaren Mercedes,56,1:32:14.930,ALO,5534
770,Bahrain,2007-04-15,Felipe  Massa ,Ferrari,57,1:33:27.515,MAS,5607
771,Spain,2007-05-13,Felipe  Massa ,Ferrari,65,1:31:36.230,MAS,5496
772,Monaco,2007-05-27,Fernando  Alonso ,McLaren Mercedes,78,1:40:29.329,ALO,6029
773,Canada,2007-06-10,Lewis  Hamilton ,McLaren Mercedes,70,1:44:11.292,HAM,6251
774,United States,2007-06-17,Lewis  Hamilton ,McLaren Mercedes,73,1:31:09.965,HAM,5469
775,France,2007-07-01,Kimi  Rikknen ,Ferrari,70,1:30:54.200,RAI,5454
776,Great Britain,2007-07-08,Kimi  Rikknen ,Ferrari,59,1:21:43.074,RAI,4903
777,Europe,2007-07-22,Fernando  Alonso ,McLaren Mercedes,60,2:06:26.358,ALO,7586
778,Hungary,2007-08-05,Lewis  Hamilton ,McLaren Mercedes,70,1:35:52.991,HAM,5752
779,Turkey,2007-08-26,Felipe  Massa ,Ferrari,58,1:26:42.161,MAS,5202
780,Italy,2007-09-09,Fernando  Alonso ,McLaren Mercedes,53,1:18:37.806,ALO,4717
781,Belgium,2007-09-16,Kimi  Rikknen ,Ferrari,44,1:20:39.066,RAI,4839
782,Japan,2007-09-30,Lewis  Hamilton ,McLaren Mercedes,67,2:00:34.579,HAM,7234
783,China,2007-10-07,Kimi  Rikknen ,Ferrari,56,1:37:58.395,RAI,5878
784,Brazil,2007-10-21,Kimi  Rikknen ,Ferrari,71,1:28:15.270,RAI,5295
785,Australia,2008-03-16,Lewis  Hamilton ,McLaren Mercedes,58,1:34:50.616,HAM,5690
786,Malaysia,2008-03-23,Kimi  Rikknen ,Ferrari,56,1:31:18.555,RAI,5478
787,Bahrain,2008-04-06,Felipe  Massa ,Ferrari,57,1:31:06.970,MAS,5466
788,Spain,2008-04-27,Kimi  Rikknen ,Ferrari,66,1:38:19.051,RAI,5899
789,Turkey,2008-05-11,Felipe  Massa ,Ferrari,58,1:26:49.451,MAS,5209
790,Monaco,2008-05-25,Lewis  Hamilton ,McLaren Mercedes,76,2:00:42.742,HAM,7242
791,Canada,2008-06-08,Robert  Kubica ,Sauber BMW,70,1:36:24.447,KUB,5784
792,France,2008-06-22,Felipe  Massa ,Ferrari,70,1:31:50.245,MAS,5510
793,Great Britain,2008-07-06,Lewis  Hamilton ,McLaren Mercedes,60,1:39:09.440,HAM,5949
794,Germany,2008-07-20,Lewis  Hamilton ,McLaren Mercedes,67,1:31:20.874,HAM,5480
795,Hungary,2008-08-03,Heikki  Kovalainen ,McLaren Mercedes,70,1:37:27.067,KOV,5847
796,Europe,2008-08-24,Felipe  Massa ,Ferrari,57,1:35:32.339,MAS,5732
797,Belgium,2008-09-07,Felipe  Massa ,Ferrari,44,1:22:59.394,MAS,4979
798,Italy,2008-09-14,Sebastian  Vettel ,STR Ferrari,53,1:26:47.494,VET,5207
799,Singapore,2008-09-28,Fernando  Alonso ,Renault,61,1:57:16.304,ALO,7036
800,Japan,2008-10-12,Fernando  Alonso ,Renault,67,1:30:21.892,ALO,5421
801,China,2008-10-19,Lewis  Hamilton ,McLaren Mercedes,56,1:31:57.403,HAM,5517
802,Brazil,2008-11-02,Felipe  Massa ,Ferrari,71,1:34:11.435,MAS,5651
803,Australia,2009-03-29,Jenson  Button ,Brawn Mercedes,58,1:34:15.784,BUT,5655
804,Malaysia,2009-04-05,Jenson  Button ,Brawn Mercedes,31,55:30.622,BUT,3330
805,China,2009-04-19,Sebastian  Vettel ,RBR Renault,56,1:57:43.485,VET,7063
806,Bahrain,2009-04-26,Jenson  Button ,Brawn Mercedes,57,1:31:48.182,BUT,5508
807,Spain,2009-05-10,Jenson  Button ,Brawn Mercedes,66,1:37:19.202,BUT,5839
808,Monaco,2009-05-24,Jenson  Button ,Brawn Mercedes,78,1:40:44.282,BUT,6044
809,Turkey,2009-06-07,Jenson  Button ,Brawn Mercedes,58,1:26:24.848,BUT,5184
810,Great Britain,2009-06-21,Sebastian  Vettel ,RBR Renault,60,1:22:49.328,VET,4969
811,Germany,2009-07-12,Mark  Webber ,RBR Renault,60,1:36:43.310,WEB,5803
812,Hungary,2009-07-26,Lewis  Hamilton ,McLaren Mercedes,70,1:38:23.876,HAM,5903
813,Europe,2009-08-23,Rubens  Barrichello ,Brawn Mercedes,57,1:35:51.289,BAR,5751
814,Belgium,2009-08-30,Kimi  Rikknen ,Ferrari,44,1:23:50.995,RAI,5030
815,Italy,2009-09-13,Rubens  Barrichello ,Brawn Mercedes,53,1:16:21.706,BAR,4581
816,Singapore,2009-09-27,Lewis  Hamilton ,McLaren Mercedes,61,1:56:06.337,HAM,6966
817,Japan,2009-10-04,Sebastian  Vettel ,RBR Renault,53,1:28:20.443,VET,5300
818,Brazil,2009-10-18,Mark  Webber ,RBR Renault,71,1:32:23.081,WEB,5543
819,Abu Dhabi,2009-11-01,Sebastian  Vettel ,RBR Renault,55,1:34:03.414,VET,5643
820,Bahrain,2010-03-14,Fernando  Alonso ,Ferrari,49,1:39:20.396,ALO,5960
821,Australia,2010-03-28,Jenson  Button ,McLaren Mercedes,58,1:33:36.531,BUT,5616
822,Malaysia,2010-04-04,Sebastian  Vettel ,RBR Renault,56,1:33:48.412,VET,5628
823,China,2010-04-18,Jenson  Button ,McLaren Mercedes,56,1:46:42.163,BUT,6402
824,Spain,2010-05-09,Mark  Webber ,RBR Renault,66,1:35:44.101,WEB,5744
825,Monaco,2010-05-16,Mark  Webber ,RBR Renault,78,1:50:13.355,WEB,6613
826,Turkey,2010-05-30,Lewis  Hamilton ,McLaren Mercedes,58,1:28:47.620,HAM,5327
827,Canada,2010-06-13,Lewis  Hamilton ,McLaren Mercedes,70,1:33:53.456,HAM,5633
828,Europe,2010-06-27,Sebastian  Vettel ,RBR Renault,57,1:40:29.571,VET,6029
829,Great Britain,2010-07-11,Mark  Webber ,RBR Renault,52,1:24:38.200,WEB,5078
830,Germany,2010-07-25,Fernando  Alonso ,Ferrari,67,1:27:38.864,ALO,5258
831,Hungary,2010-08-01,Mark  Webber ,RBR Renault,70,1:41:05.571,WEB,6065
832,Belgium,2010-08-29,Lewis  Hamilton ,McLaren Mercedes,44,1:29:04.268,HAM,5344
833,Italy,2010-09-12,Fernando  Alonso ,Ferrari,53,1:16:24.572,ALO,4584
834,Singapore,2010-09-26,Fernando  Alonso ,Ferrari,61,1:57:53.579,ALO,7073
835,Japan,2010-10-10,Sebastian  Vettel ,RBR Renault,53,1:30:27.323,VET,5427
836,South Korea,2010-10-24,Fernando  Alonso ,Ferrari,55,2:48:20.810,ALO,10100
837,Brazil,2010-11-07,Sebastian  Vettel ,RBR Renault,71,1:33:11.803,VET,5591
838,Abu Dhabi,2010-11-14,Sebastian  Vettel ,RBR Renault,55,1:39:36.837,VET,5976
839,Australia,2011-03-27,Sebastian  Vettel ,Red Bull Racing Renault,58,1:29:30.259,VET,5370
840,Malaysia,2011-04-10,Sebastian  Vettel ,Red Bull Racing Renault,56,1:37:39.832,VET,5859
841,China,2011-04-17,Lewis  Hamilton ,McLaren Mercedes,56,1:36:58.226,HAM,5818
842,Turkey,2011-05-08,Sebastian  Vettel ,Red Bull Racing Renault,58,1:30:17.558,VET,5417
843,Spain,2011-05-22,Sebastian  Vettel ,Red Bull Racing Renault,66,1:39:03.301,VET,5943
844,Monaco,2011-05-29,Sebastian  Vettel ,Red Bull Racing Renault,78,2:09:38.373,VET,7778
845,Canada,2011-06-12,Jenson  Button ,McLaren Mercedes,70,4:04:39.537,BUT,14679
846,Europe,2011-06-26,Sebastian  Vettel ,Red Bull Racing Renault,57,1:39:36.169,VET,5976
847,Great Britain,2011-07-10,Fernando  Alonso ,Ferrari,52,1:28:41.196,ALO,5321
848,Germany,2011-07-24,Lewis  Hamilton ,McLaren Mercedes,60,1:37:30.334,HAM,5850
849,Hungary,2011-07-31,Jenson  Button ,McLaren Mercedes,70,1:46:42.337,BUT,6402
850,Belgium,2011-08-28,Sebastian  Vettel ,Red Bull Racing Renault,44,1:26:44.893,VET,5204
851,Italy,2011-09-11,Sebastian  Vettel ,Red Bull Racing Renault,53,1:20:46.172,VET,4846
852,Singapore,2011-09-25,Sebastian  Vettel ,Red Bull Racing Renault,61,1:59:06.757,VET,7146
853,Japan,2011-10-09,Jenson  Button ,McLaren Mercedes,53,1:30:53.427,BUT,5453
854,South Korea,2011-10-16,Sebastian  Vettel ,Red Bull Racing Renault,55,1:38:01.994,VET,5881
855,India,2011-10-30,Sebastian  Vettel ,Red Bull Racing Renault,60,1:30:35.002,VET,5435
856,Abu Dhabi,2011-11-13,Lewis  Hamilton ,McLaren Mercedes,55,1:37:11.886,HAM,5831
857,Brazil,2011-11-27,Mark  Webber ,Red Bull Racing Renault,71,1:32:17.464,WEB,5537
858,Australia,2012-03-18,Jenson  Button ,McLaren Mercedes,58,1:34:09.565,BUT,5649
859,Malaysia,2012-03-25,Fernando  Alonso ,Ferrari,56,2:44:51.812,ALO,9891
860,China,2012-04-15,Nico  Rosberg ,Mercedes,56,1:36:26.929,ROS,5786
861,Bahrain,2012-04-22,Sebastian  Vettel ,Red Bull Racing Renault,57,1:35:10.990,VET,5710
862,Spain,2012-05-13,Pastor  Maldonado ,Williams Renault,66,1:39:09.145,MAL,5949
863,Monaco,2012-05-27,Mark  Webber ,Red Bull Racing Renault,78,1:46:06.557,WEB,6366
864,Canada,2012-06-10,Lewis  Hamilton ,McLaren Mercedes,70,1:32:29.586,HAM,5549
865,Europe,2012-06-24,Fernando  Alonso ,Ferrari,57,1:44:16.649,ALO,6256
866,Great Britain,2012-07-08,Mark  Webber ,Red Bull Racing Renault,52,1:25:11.288,WEB,5111
867,Germany,2012-07-22,Fernando  Alonso ,Ferrari,67,1:31:05.862,ALO,5465
868,Hungary,2012-07-29,Lewis  Hamilton ,McLaren Mercedes,69,1:41:05.503,HAM,6065
869,Belgium,2012-09-02,Jenson  Button ,McLaren Mercedes,44,1:29:08.530,BUT,5348
870,Italy,2012-09-09,Lewis  Hamilton ,McLaren Mercedes,53,1:19:41.221,HAM,4781
871,Singapore,2012-09-23,Sebastian  Vettel ,Red Bull Racing Renault,59,2:00:26.144,VET,7226
872,Japan,2012-10-07,Sebastian  Vettel ,Red Bull Racing Renault,53,1:28:56.242,VET,5336
873,South Korea,2012-10-14,Sebastian  Vettel ,Red Bull Racing Renault,55,1:36:28.651,VET,5788
874,India,2012-10-28,Sebastian  Vettel ,Red Bull Racing Renault,60,1:31:10.744,VET,5470
875,Abu Dhabi,2012-11-04,Kimi  Rikknen ,Lotus Renault,55,1:45:58.667,RAI,6358
876,United States,2012-11-18,Lewis  Hamilton ,McLaren Mercedes,56,1:35:55.269,HAM,5755
877,Brazil,2012-11-25,Jenson  Button ,McLaren Mercedes,71,1:45:22.656,BUT,6322
878,Australia,2013-03-17,Kimi  Rikknen ,Lotus Renault,58,1:30:03.225,RAI,5403
879,Malaysia,2013-03-24,Sebastian  Vettel ,Red Bull Racing Renault,56,1:38:56.681,VET,5936
880,China,2013-04-14,Fernando  Alonso ,Ferrari,56,1:36:26.945,ALO,5786
881,Bahrain,2013-04-21,Sebastian  Vettel ,Red Bull Racing Renault,57,1:36:00.498,VET,5760
882,Spain,2013-05-12,Fernando  Alonso ,Ferrari,66,1:39:16.596,ALO,5956
883,Monaco,2013-05-26,Nico  Rosberg ,Mercedes,78,2:17:52.056,ROS,8272
884,Canada,2013-06-09,Sebastian  Vettel ,Red Bull Racing Renault,70,1:32:09.143,VET,5529
885,Great Britain,2013-06-30,Nico  Rosberg ,Mercedes,52,1:32:59.456,ROS,5579
886,Germany,2013-07-07,Sebastian  Vettel ,Red Bull Racing Renault,60,1:41:14.711,VET,6074
887,Hungary,2013-07-28,Lewis  Hamilton ,Mercedes,70,1:42:29.445,HAM,6149
888,Belgium,2013-08-25,Sebastian  Vettel ,Red Bull Racing Renault,44,1:23:42.196,VET,5022
889,Italy,2013-09-08,Sebastian  Vettel ,Red Bull Racing Renault,53,1:18:33.352,VET,4713
890,Singapore,2013-09-22,Sebastian  Vettel ,Red Bull Racing Renault,61,1:59:13.132,VET,7153
891,South Korea,2013-10-06,Sebastian  Vettel ,Red Bull Racing Renault,55,1:43:13.701,VET,6193
892,Japan,2013-10-13,Sebastian  Vettel ,Red Bull Racing Renault,53,1:26:49.301,VET,5209
893,India,2013-10-27,Sebastian  Vettel ,Red Bull Racing Renault,60,1:31:12.187,VET,5472
894,Abu Dhabi,2013-11-03,Sebastian  Vettel ,Red Bull Racing Renault,55,1:38:06.106,VET,5886
895,United States,2013-11-17,Sebastian  Vettel ,Red Bull Racing Renault,56,1:39:17.148,VET,5957
896,Brazil,2013-11-24,Sebastian  Vettel ,Red Bull Racing Renault,71,1:32:36.300,VET,5556
897,Australia,2014-03-16,Nico  Rosberg ,Mercedes,57,1:32:58.710,ROS,5578
898,Malaysia,2014-03-30,Lewis  Hamilton ,Mercedes,56,1:40:25.974,HAM,6025
899,Bahrain,2014-04-06,Lewis  Hamilton ,Mercedes,57,1:39:42.743,HAM,5982
900,China,2014-04-20,Lewis  Hamilton ,Mercedes,54,1:33:28.338,HAM,5608
901,Spain,2014-05-11,Lewis  Hamilton ,Mercedes,66,1:41:05.155,HAM,6065
902,Monaco,2014-05-25,Nico  Rosberg ,Mercedes,78,1:49:27.661,ROS,6567
903,Canada,2014-06-08,Daniel  Ricciardo ,Red Bull Racing Renault,70,1:39:12.830,RIC,5952
904,Austria,2014-06-22,Nico  Rosberg ,Mercedes,71,1:27:54.976,ROS,5274
905,Great Britain,2014-07-06,Lewis  Hamilton ,Mercedes,52,2:26:52.094,HAM,8812
906,Germany,2014-07-20,Nico  Rosberg ,Mercedes,67,1:33:42.914,ROS,5622
907,Hungary,2014-07-27,Daniel  Ricciardo ,Red Bull Racing Renault,70,1:53:05.058,RIC,6785
908,Belgium,2014-08-24,Daniel  Ricciardo ,Red Bull Racing Renault,44,1:24:36.556,RIC,5076
909,Italy,2014-09-07,Lewis  Hamilton ,Mercedes,53,1:19:10.236,HAM,4750
910,Singapore,2014-09-21,Lewis  Hamilton ,Mercedes,60,2:00:04.795,HAM,7204
911,Japan,2014-10-05,Lewis  Hamilton ,Mercedes,44,1:51:43.021,HAM,6703
912,Russia,2014-10-21,Lewis  Hamilton ,Mercedes,53,1:31:50.744,HAM,5510
913,United States,2014-11-02,Lewis  Hamilton ,Mercedes,56,1:40:04.785,HAM,6004
914,Brazil,2014-11-09,Nico  Rosberg ,Mercedes,71,1:30:02.555,ROS,5402
915,Abu Dhabi,2014-11-23,Lewis  Hamilton ,Mercedes,55,1:39:02.619,HAM,5942
916,Australia,2015-03-15,Lewis  Hamilton ,Mercedes,58,1:31:54.067,HAM,5514
917,Malaysia,2015-03-29,Sebastian  Vettel ,Ferrari,56,1:41:05.793,VET,6065
918,China,2015-04-12,Lewis  Hamilton ,Mercedes,56,1:39:42.008,HAM,5982
919,Bahrain,2015-04-19,Lewis  Hamilton ,Mercedes,57,1:35:05.809,HAM,5705
920,Spain,2015-05-10,Nico  Rosberg ,Mercedes,66,1:41:12.555,ROS,6072
921,Monaco,2015-05-24,Nico  Rosberg ,Mercedes,78,1:49:18.420,ROS,6558
922,Canada,2015-06-07,Lewis  Hamilton ,Mercedes,70,1:31:53.145,HAM,5513
923,Austria,2015-06-21,Nico  Rosberg ,Mercedes,71,1:30:16.930,ROS,5416
924,Great Britain,2015-07-05,Lewis  Hamilton ,Mercedes,52,1:31:27.729,HAM,5487
925,Hungary,2015-07-26,Sebastian  Vettel ,Ferrari,69,1:46:09.985,VET,6369
926,Belgium,2015-08-23,Lewis  Hamilton ,Mercedes,43,1:23:40.387,HAM,5020
927,Italy,2015-09-06,Lewis  Hamilton ,Mercedes,53,1:18:00.688,HAM,4680
928,Singapore,2015-09-20,Sebastian  Vettel ,Ferrari,61,2:01:22.118,VET,7282
929,Japan,2015-09-27,Lewis  Hamilton ,Mercedes,53,1:28:06.508,HAM,5286
930,Russia,2015-10-11,Lewis  Hamilton ,Mercedes,53,1:37:11.024,HAM,5831
931,United States,2015-10-25,Lewis  Hamilton ,Mercedes,56,1:50:52.703,HAM,6652
932,Mexico,2015-11-01,Nico  Rosberg ,Mercedes,71,1:42:35.038,ROS,6155
933,Brazil,2015-11-15,Nico  Rosberg ,Mercedes,71,1:31:09.090,ROS,5469
934,Abu Dhabi,2015-11-29,Nico  Rosberg ,Mercedes,55,1:38:30.175,ROS,5910
935,Australia,2016-03-20,Nico  Rosberg ,Mercedes,57,1:48:15.565,ROS,6495
936,Bahrain,2016-04-03,Nico  Rosberg ,Mercedes,57,1:33:34.696,ROS,5614
937,China,2016-04-17,Nico  Rosberg ,Mercedes,56,1:38:53.891,ROS,5933
938,Russia,2016-05-01,Nico  Rosberg ,Mercedes,53,1:32:41.997,ROS,5561
939,Spain,2016-05-15,Max  Verstappen ,Red Bull Racing TAG Heuer,66,1:41:40.017,VES,6100
940,Monaco,2016-05-29,Lewis  Hamilton ,Mercedes,78,1:59:29.133,HAM,7169
941,Canada,2016-06-12,Lewis  Hamilton ,Mercedes,70,1:31:05.296,HAM,5465
942,Europe,2016-06-19,Nico  Rosberg ,Mercedes,51,1:32:52.366,ROS,5572
943,Austria,2016-07-03,Lewis  Hamilton ,Mercedes,71,1:27:38.107,HAM,5258
944,Great Britain,2016-07-10,Lewis  Hamilton ,Mercedes,52,1:34:55.831,HAM,5695
945,Hungary,2016-07-24,Lewis  Hamilton ,Mercedes,70,1:40:30.115,HAM,6030
946,Germany,2016-07-31,Lewis  Hamilton ,Mercedes,67,1:30:44.200,HAM,5444
947,Belgium,2016-08-28,Nico  Rosberg ,Mercedes,44,1:44:51.058,ROS,6291
948,Italy,2016-09-04,Nico  Rosberg ,Mercedes,53,1:17:28.089,ROS,4648
949,Singapore,2016-09-18,Nico  Rosberg ,Mercedes,61,1:55:48.950,ROS,6948
950,Malaysia,2016-10-02,Daniel  Ricciardo ,Red Bull Racing TAG Heuer,56,1:37:12.776,RIC,5832
951,Japan,2016-10-09,Nico  Rosberg ,Mercedes,53,1:26:43.333,ROS,5203
952,United States,2016-10-23,Lewis  Hamilton ,Mercedes,56,1:38:12.618,HAM,5892
953,Mexico,2016-10-30,Lewis  Hamilton ,Mercedes,71,1:40:31.402,HAM,6031
954,Brazil,2016-11-13,Lewis  Hamilton ,Mercedes,71,3:01:01.335,HAM,10861
955,Abu Dhabi,2016-11-27,Lewis  Hamilton ,Mercedes,55,1:38:04.013,HAM,5884
956,Australia,2017-03-26,Sebastian  Vettel ,Ferrari,57,1:24:11.672,VET,5051
957,China,2017-04-09,Lewis  Hamilton ,Mercedes,56,1:37:36.158,HAM,5856
958,Bahrain,2017-04-16,Sebastian  Vettel ,Ferrari,57,1:33:53.374,VET,5633
959,Russia,2017-04-30,Valtteri Bottas ,Mercedes,52,1:28:08.743,BOT,5288
960,Spain,2017-05-14,Lewis  Hamilton ,Mercedes,66,1:35:56.497,HAM,5756
961,Monaco,2017-05-28,Sebastian  Vettel ,Ferrari,78,1:44:44.340,VET,6284
962,Canada,2017-06-11,Lewis  Hamilton ,Mercedes,70,1:33:05.154,HAM,5585
963,Azerbaijan,2017-06-25,Daniel  Ricciardo ,Red Bull Racing TAG Heuer,51,2:03:55.573,RIC,7435
964,Austria,2017-07-09,Valtteri Bottas ,Mercedes,71,1:21:48.523,BOT,4908
965,Great Britain,2017-07-16,Lewis  Hamilton ,Mercedes,51,1:21:27.430,HAM,4887
966,Hungary,2017-07-30,Sebastian  Vettel ,Ferrari,70,1:39:46.713,VET,5986
967,Belgium,2017-08-27,Lewis  Hamilton ,Mercedes,44,1:24:42.820,HAM,5082
968,Italy,2017-09-03,Lewis  Hamilton ,Mercedes,53,1:15:32.312,HAM,4532
969,Singapore,2017-09-17,Lewis  Hamilton ,Mercedes,58,2:03:23.544,HAM,7403
970,Malaysia,2017-10-01,Max  Verstappen ,Red Bull Racing TAG Heuer,56,1:30:01.290,VER,5401
971,Japan,2017-10-08,Lewis  Hamilton ,Mercedes,53,1:27:31.194,HAM,5251
972,United States,2017-10-22,Lewis  Hamilton ,Mercedes,56,1:33:50.991,HAM,5630
973,Mexico,2017-10-29,Max  Verstappen ,Red Bull Racing TAG Heuer,71,1:36:26.552,VER,5786
974,Brazil,2017-11-12,Sebastian  Vettel ,Ferrari,71,1:31:26.262,VET,5486
975,Abu Dhabi,2017-11-26,Valtteri Bottas ,Mercedes,55,1:34:14.062,BOT,5654
976,Australia,2018-03-25,Sebastian  Vettel ,Ferrari,58,1:29:33.283,VET,5373
977,Bahrain,2018-04-08,Sebastian  Vettel ,Ferrari,57,1:32:01.940,VET,5521
978,China,2018-04-15,Daniel  Ricciardo ,Red Bull Racing TAG Heuer,56,1:35:36.380,RIC,5736
979,Azerbaijan,2018-04-29,Lewis  Hamilton ,Mercedes,51,1:43:44.291,HAM,6224
980,Spain,2018-05-13,Lewis  Hamilton ,Mercedes,66,1:35:29.972,HAM,5729
981,Monaco,2018-05-27,Daniel  Ricciardo ,Red Bull Racing TAG Heuer,78,1:42:54.807,RIC,6174
982,Canada,2018-06-10,Sebastian  Vettel ,Ferrari,68,1:28:31.377,VET,5311
983,France,2018-06-24,Lewis  Hamilton ,Mercedes,53,1:30:11.385,HAM,5411
984,Austria,2018-07-01,Max  Verstappen ,Red Bull Racing TAG Heuer,71,1:21:56.024,VER,4916
985,Great Britain,2018-07-08,Sebastian  Vettel ,Ferrari,52,1:27:29.784,VET,5249
986,Germany,2018-07-22,Lewis  Hamilton ,Mercedes,67,1:32:29.845,HAM,5549
987,Hungary,2018-07-29,Lewis  Hamilton ,Mercedes,70,1:37:16.427,HAM,5836
988,Belgium,2018-08-26,Sebastian  Vettel ,Ferrari,44,1:23:34.476,VET,5014
989,Italy,2018-09-02,Lewis  Hamilton ,Mercedes,53,1:16:54.484,HAM,4614
990,Singapore,2018-09-16,Lewis  Hamilton ,Mercedes,61,1:51:11.611,HAM,6671
991,Russia,2018-09-30,Lewis  Hamilton ,Mercedes,53,1:27:25.181,HAM,5245
992,Japan,2018-10-07,Lewis  Hamilton ,Mercedes,53,1:27:17.062,HAM,5237
993,United States,2018-10-21,Kimi  Rikknen ,Ferrari,56,1:34:18.643,RAI,5658
994,Mexico,2018-10-28,Max  Verstappen ,Red Bull Racing TAG Heuer,71,1:38:28.851,VER,5908
995,Brazil,2018-11-11,Lewis  Hamilton ,Mercedes,71,1:27:09.066,HAM,5229
996,Abu Dhabi,2018-11-25,Lewis  Hamilton ,Mercedes,55,1:39:40.382,HAM,5980
997,Australia,2019-03-17,Valtteri  Bottas ,Mercedes,58,1:25:27.325,BOT,5127
998,Bahrain,2019-03-31,Lewis  Hamilton ,Mercedes,57,1:34:21.295,HAM,5661
999,China,2019-04-14,Lewis  Hamilton ,Mercedes,56,1:32:06.350,HAM,5526
1000,Azerbaijan,2019-04-28,Valtteri  Bottas ,Mercedes,51,1:31:52.942,BOT,5512
1001,Spain,2019-05-12,Lewis  Hamilton ,Mercedes,66,1:35:50.443,HAM,5750
1002,Monaco,2019-05-26,Lewis  Hamilton ,Mercedes,78,1:43:28.437,HAM,6208
1003,Canada,2019-06-09,Lewis  Hamilton ,Mercedes,70,1:29:07.084,HAM,5347
1004,France,2019-06-23,Lewis  Hamilton ,Mercedes,53,1:24:31.198,HAM,5071
1005,Austria,2019-06-30,Max  Verstappen ,Red Bull Racing Honda,71,1:22:01.822,VER,4921
1006,Great Britain,2019-07-14,Lewis  Hamilton ,Mercedes,52,1:21:08.452,HAM,4868
1007,Germany,2019-07-28,Max  Verstappen ,Red Bull Racing Honda,64,1:44:31.275,VER,6271
1008,Hungary,2019-08-04,Lewis  Hamilton ,Mercedes,70,1:35:03.796,HAM,5703
1009,Belgium,2019-09-01,Charles  Leclerc ,Ferrari,44,1:23:45.710,LEC,5025
1010,Italy,2019-09-08,Charles  Leclerc ,Ferrari,53,1:15:26.665,LEC,4526
1011,Singapore,2019-09-22,Sebastian  Vettel ,Ferrari,61,1:58:33.667,VET,7113
1012,Russia,2019-09-29,Lewis  Hamilton ,Mercedes,53,1:33:38.992,HAM,5618
1013,Japan,2019-10-13,Valtteri  Bottas ,Mercedes,52,1:21:46.755,BOT,4906
1014,Mexico,2019-10-27,Lewis  Hamilton ,Mercedes,71,1:36:48.904,HAM,5808
1015,United States,2019-11-03,Valtteri  Bottas ,Mercedes,56,1:33:55.653,BOT,5635
1016,Brazil,2019-11-17,Max  Verstappen ,Red Bull Racing Honda,71,1:33:14.678,VER,5594
1017,Abu Dhabi,2019-12-01,Lewis  Hamilton ,Mercedes,55,1:34:05.715,HAM,5645
1018,Austria,2020-07-05,Valtteri  Bottas ,Mercedes,71,1:30:55.739,BOT,5455
1019,Styria,2020-07-12,Lewis  Hamilton ,Mercedes,71,1:22:50.683,HAM,4970
1020,Hungary,2020-07-19,Lewis  Hamilton ,Mercedes,70,1:36:12.473,HAM,5772
1021,Great Britain,2020-08-02,Lewis  Hamilton ,Mercedes,52,1:28:01.283,HAM,5281
1022,70th Anniversary,2020-08-09,Max  Verstappen ,Red Bull Racing Honda,52,1:19:41.993,VER,4781
1023,Spain,2020-08-16,Lewis  Hamilton ,Mercedes,66,1:31:45.279,HAM,5505
1024,Belgium,2020-08-30,Lewis  Hamilton ,Mercedes,44,1:24:08.761,HAM,5048
1025,Italy,2020-09-06,Pierre  Gasly ,AlphaTauri Honda,53,1:47:06.056,GAS,6426
1026,Tuscany,2020-09-13,Lewis  Hamilton ,Mercedes,59,2:19:35.060,HAM,8375
1027,Russia,2020-09-27,Valtteri  Bottas ,Mercedes,53,1:34:00.364,BOT,5640
1028,Eifel,2020-10-11,Lewis  Hamilton ,Mercedes,60,1:35:49.641,HAM,5749
1029,Portugal,2020-10-25,Lewis  Hamilton ,Mercedes,66,1:29:56.828,HAM,5396
1030,Emilia Romagna,2020-11-01,Lewis  Hamilton ,Mercedes,63,1:28:32.430,HAM,5312
1031,Turkey,2020-11-15,Lewis  Hamilton ,Mercedes,58,1:42:19.313,HAM,6139
1032,Bahrain,2020-11-29,Lewis  Hamilton ,Mercedes,57,2:59:47.515,HAM,10787
1033,Sakhir,2020-12-06,Sergio  Perez ,Racing Point BWT Mercedes,87,1:31:15.114,PER,5475
1034,Abu Dhabi,2020-12-13,Max  Verstappen ,Red Bull Racing Honda,55,1:36:28.645,VER,5788
1035,Bahrain,2021-03-28,Lewis  Hamilton ,Mercedes,56,1:32:03.897,HAM,5523
1036,Emilia Romagna,2021-04-18,Max  Verstappen ,Red Bull Racing Honda,63,2:02:34.598,VER,7354
1037,Portugal,2021-05-02,Lewis  Hamilton ,Mercedes,66,1:34:31.421,HAM,5671
1038,Spain,2021-05-09,Lewis  Hamilton ,Mercedes,66,1:33:07.680,HAM,5587
1039,Monaco,2021-05-23,Max  Verstappen ,Red Bull Racing Honda,78,1:38:56.820,VER,5936
1040,Azerbaijan,2021-06-06,Sergio  Perez ,Red Bull Racing Honda,51,2:13:36.410,PER,8016
1041,France,2021-06-20,Max  Verstappen ,Red Bull Racing Honda,53,1:27:25.770,VER,5245
1042,Styria,2021-06-27,Max  Verstappen ,Red Bull Racing Honda,71,1:22:18.925,VER,4938
1043,Austria,2021-07-04,Max  Verstappen ,Red Bull Racing Honda,71,1:23:54.543,VER,5034
1044,Great Britain,2021-07-18,Lewis  Hamilton ,Mercedes,52,1:58:23.284,HAM,7103
1045,Hungary,2021-08-01,Esteban  Ocon ,Alpine Renault,70,2:04:43.199,OCO,7483
1046,Belgium,2021-08-29,Max  Verstappen ,Red Bull Racing Honda,1,0:03:27.071,VER,207
1047,Netherlands,2021-09-05,Max  Verstappen ,Red Bull Racing Honda,72,1:30:05.395,VER,5405
1048,Italy,2021-09-12,Daniel  Ricciardo ,McLaren Mercedes,53,1:21:54.365,RIC,4914
1049,Russia,2021-09-26,Lewis  Hamilton ,Mercedes,53,1:30:41.001,HAM,5441
1050,Turkey,2021-10-10,Valtteri  Bottas ,Mercedes,58,1:31:04.103,BOT,5464
1051,United States,2021-10-24,Max  Verstappen ,Red Bull Racing Honda,56,1:34:36.552,VER,5676
1052,Mexico,2021-11-07,Max  Verstappen ,Red Bull Racing Honda,71,1:38:39.086,VER,5919
1053,Brazil,2021-11-14,Lewis  Hamilton ,Mercedes,71,1:32:22.851,HAM,5542
1054,Qatar,2021-11-21,Lewis  Hamilton ,Mercedes,57,1:24:28.471,HAM,5068
1055,Saudi Arabia,2021-12-05,Lewis  Hamilton ,Mercedes,50,2:06:15.118,HAM,7575
1056,Abu Dhabi,2021-12-12,Max  Verstappen ,Red Bull Racing Honda,58,1:30:17.345,VER,5417
1057,Bahrain,2022-03-20,Charles  Leclerc ,Ferrari,57,1:37:33.584,LEC,5853
1058,Saudi Arabia,2022-03-27,Max  Verstappen ,Red Bull Racing RBPT,50,1:24:19.293,VER,5059
1059,Australia,2022-04-10,Charles  Leclerc ,Ferrari,58,1:27:46.548,LEC,5266
1060,Emilia Romagna,2022-04-24,Max  Verstappen ,Red Bull Racing RBPT,63,1:32:07.986,VER,5527
1061,Miami,2022-05-08,Max  Verstappen ,Red Bull Racing RBPT,57,1:34:24.258,VER,5664
1062,Spain,2022-05-22,Max  Verstappen ,Red Bull Racing RBPT,66,1:37:20.475,VER,5840
1063,Monaco,2022-05-29,Sergio  Perez ,Red Bull Racing RBPT,64,1:56:30.265,PER,6990
1064,Azerbaijan,2022-06-12,Max  Verstappen ,Red Bull Racing RBPT,51,1:34:05.941,VER,5645
1065,Canada,2022-06-19,Max  Verstappen ,Red Bull Racing RBPT,70,1:36:21.757,VER,5781
1066,Great Britain,2022-07-03,Carlos  Sainz ,Ferrari,52,2:17:50.311,SAI,8270
1067,Austria,2022-07-10,Charles  Leclerc ,Ferrari,71,1:24:24.312,LEC,5064
1068,France,2022-07-24,Max  Verstappen ,Red Bull Racing RBPT,53,1:30:02.112,VER,5402
1069,Hungary,2022-07-31,Max  Verstappen ,Red Bull Racing RBPT,70,1:39:35.912,VER,5975
1070,Belgium,2022-08-28,Max  Verstappen ,Red Bull Racing RBPT,44,1:25:52.894,VER,5152
1071,Netherlands,2022-09-04,Max  Verstappen ,Red Bull Racing RBPT,72,1:36:42.773,VER,5802
1072,Italy,2022-09-11,Max  Verstappen ,Red Bull Racing RBPT,53,1:20:27.511,VER,4827
1073,Singapore,2022-10-02,Sergio  Perez ,Red Bull Racing RBPT,59,2:02:20.238,PER,7340
1074,Japan,2022-10-09,Max  Verstappen ,Red Bull Racing RBPT,28,3:01:44.004,VER,10904
1075,United States,2022-10-23,Max  Verstappen ,Red Bull Racing RBPT,56,1:42:11.687,VER,6131
1076,Mexico,2022-10-30,Max  Verstappen ,Red Bull Racing RBPT,71,1:38:36.729,VER,5916
1077,Brazil,2022-11-13,George  Russell ,Mercedes,71,1:38:34.044,RUS,5914
1078,Abu Dhabi,2022-11-20,Max  Verstappen ,Red Bull Racing RBPT,58,1:27:45.914,VER,5265
1079,Bahrain,2023-03-05,Max  Verstappen ,Red Bull Racing Honda RBPT,57,1:33:56.736,VER,5636
1080,Saudi Arabia,2023-03-19,Sergio  Perez ,Red Bull Racing Honda RBPT,50,1:21:14.894,PER,4874
1081,Australia,2023-04-02,Max  Verstappen ,Red Bull Racing Honda RBPT,58,2:32:38.371,VER,9158
1082,Azerbaijan,2023-04-30,Sergio  Perez ,Red Bull Racing Honda RBPT,51,1:32:42.436,PER,5562
1083,Miami,2023-05-07,Max  Verstappen ,Red Bull Racing Honda RBPT,57,1:27:38.241,VER,5258
1084,Monaco,2023-05-28,Max  Verstappen ,Red Bull Racing Honda RBPT,78,1:48:51.980,VER,6531
1085,Spain,2023-06-04,Max  Verstappen ,Red Bull Racing Honda RBPT,66,1:27:57.940,VER,5277
1086,Canada,2023-06-18,Max  Verstappen ,Red Bull Racing Honda RBPT,70,1:33:58.348,VER,5638
1087,Austria,2023-07-02,Max  Verstappen ,Red Bull Racing Honda RBPT,71,1:25:33.607,VER,5133
1088,Great Britain,2023-07-09,Max  Verstappen ,Red Bull Racing Honda RBPT,52,1:25:16.938,VER,5116
1089,Hungary,2023-07-23,Max  Verstappen ,Red Bull Racing Honda RBPT,70,1:38:08.634,VER,5888
1090,Belgium,2023-07-30,Max  Verstappen ,Red Bull Racing Honda RBPT,44,1:22:30.450,VER,4950
1091,Netherlands,2023-08-27,Max  Verstappen ,Red Bull Racing Honda RBPT,72,2:24:04.411,VER,8644
1092,Italy,2023-09-03,Max  Verstappen ,Red Bull Racing Honda RBPT,51,1:13:41.143,VER,4421
1093,Singapore,2023-09-17,Carlos  Sainz ,Ferrari,62,1:46:37.418,SAI,6397
1094,Japan,2023-09-24,Max  Verstappen ,Red Bull Racing Honda RBPT,53,1:30:58.421,VER,5458
1095,Qatar,2023-10-08,Max  Verstappen ,Red Bull Racing Honda RBPT,57,1:27:39.168,VER,5259
1096,United States,2023-10-22,Max  Verstappen ,Red Bull Racing Honda RBPT,56,1:35:21.362,VER,5721
1097,Mexico,2023-10-29,Max  Verstappen ,Red Bull Racing Honda RBPT,71,2:02:30.814,VER,7350
1098,Brazil,2023-11-05,Max  Verstappen ,Red Bull Racing Honda RBPT,71,1:56:48.894,VER,7008
1099,Las Vegas,2023-11-18,Max  Verstappen ,Red Bull Racing Honda RBPT,50,1:29:08.289,VER,5348
1100,Abu Dhabi,2023-11-26,Max  Verstappen ,Red Bull Racing Honda RBPT,58,1:27:02.624,VER,5222
1101,Bahrain,2024-03-02,Max  Verstappen ,Red Bull Racing Honda RBPT,57,1:31:44.742,VER,5504
1102,Saudi Arabia,2024-03-09,Max  Verstappen ,Red Bull Racing Honda RBPT,50,1:20:43.273,VER,4843
1103,Australia,2024-03-24,Carlos  Sainz ,Ferrari,58,1:20:26.843,SAI,4826
1104,Japan,2024-04-07,Max  Verstappen ,Red Bull Racing Honda RBPT,53,1:54:23.566,VER,6863
1105,China,2024-04-21,Max  Verstappen ,Red Bull Racing Honda RBPT,56,1:40:52.554,VER,6052
1106,Miami,2024-05-05,Lando  Norris ,McLaren Mercedes,57,1:30:49.876,NOR,5449
